570,1973,3448,7433
一个	yī gè
一個	yī gè
中国	zhōng guó
中國	zhōng guó
我们	wǒ mén
我們	wǒ mén
他们	tā mén
他們	tā mén
自己	zì jǐ
沒有	méi yǒu
没有	méi yǒu
国家	guó jiā
國家	guó jiā
可以	kě yǐ
发展	fā zhǎn
發展	fā zhǎn
工作	gōng zuò
这个	zhè gè
這個	zhè gè
什么	shí mó
什麼	shí mó
主要	zhǔ yào
問題	wèn tí
问题	wèn tí
进行	jìn háng
進行	jìn háng
地方	dì fāng
已經	yǐ jīng
已经	yǐ jīng
这样	zhè yàng
這樣	zhè yàng
全国	quán guó
全國	quán guó
經濟	jīng jì
经济	jīng jì
这些	zhè xiē
這些	zhè xiē
不是	bù shì
公司	gōng sī
人民	rén mín
社会	shè huì
社會	shè huì
知道	zhī dào
这种	zhè zhǒng
這種	zhè zhǒng
起來	qǐ lái
起来	qǐ lái
地区	dì qū
地區	dì qū
如果	rú guǒ
开始	kāi shǐ
開始	kāi shǐ
技术	jì shù
技術	jì shù
重要	zhòng yào
美国	měi guó
美國	měi guó
成为	chéng wéi
成爲	chéng wéi
因为	yīn wéi
因爲	yīn wéi
通过	tōng guò
通過	tōng guò
研究	yán jiū
文化	wén huà
企业	qǐ yè
企業	qǐ yè
北京	běi jīng
历史	lì shǐ
歷史	lì shǐ
世界	shì jiè
其中	qí zhōng
现在	xiàn zài
現在	xiàn zài
天安門	tiān ān mén
天安门	tiān ān mén
不能	bù néng
一些	yī xiē
时间	shí jiān
時間	shí jiān
生产	shēng chǎn
生產	shēng chǎn
情况	qíng kuàng
情況	qíng kuàng
代表	dài biǎo
决定	jué dìng
決定	jué dìng
湖北	hú běi
关系	guān xì
關係	guān xì
領導	lǐng dǎo
领导	lǐng dǎo
生活	shēng huó
时候	shí hòu
時候	shí hòu
一种	yī zhǒng
一種	yī zhǒng
可能	kě néng
出來	chū lái
出来	chū lái
学生	xué shēng
學生	xué shēng
以及	yǐ jí
石首	shí shǒu
一般	yī bān
同时	tóng shí
同時	tóng shí
認爲	rèn wéi
认为	rèn wéi
由于	yóu yú
由於	yóu yú
所以	suǒ yǐ
不同	bù tóng
这里	zhè lǐ
這裏	zhè lǐ
学院	xué yuàn
學院	xué yuàn
两个	liǎng gè
兩個	liǎng gè
作为	zuò wéi
作爲	zuò wéi
会议	huì yì
會議	huì yì
但是	dàn shì
部分	bù fēn
活动	huó dòng
活動	huó dòng
需要	xū yào
怎么	zěn mó
怎麼	zěn mó
管理	guǎn lǐ
方面	fāng miàn
市场	shì cháng
市場	shì cháng
組織	zǔ zhī
组织	zǔ zhī
工业	gōng yè
工業	gōng yè
建設	jiàn shè
建设	jiàn shè
形成	xíng chéng
其他	qí tā
出现	chū xiàn
出現	chū xiàn
許多	xū duō
许多	xǔ duō
日本	rì běn
之間	zhī jiān
之间	zhī jiān
一定	yī dìng
具有	jù yǒu
城市	chéng shì
人民代表大会	rén mín dài biǎo dà huì
人民代表大會	rén mín dài biǎo dà huì
以上	yǐ shàng
政治	zhèng zhì
人们	rén mén
人們	rén mén
委员会	wěi yuán huì
委員會	wěi yuán huì
发现	fā xiàn
發現	fā xiàn
記者	jì zhě
记者	jì zhě
国际	guó jì
國際	guó jì
規定	guī dìng
规定	guī dìng
机关	jī guān
機關	jī guān
武汉	wǔ hàn
武漢	wǔ hàn
虽然	suī rán
雖然	suī rán
根据	gēn jù
根據	gēn jù
法律	fǎ lǜ
影响	yǐng xiǎng
影響	yǐng xiǎng
包括	bāo kuò
发生	fā shēng
發生	fā shēng
使用	shǐ yòng
中心	zhōng xīn
教育	jiào yù
要求	yào qiú
政府	zhèng fǔ
因此	yīn cǐ
人口	rén kǒu
建立	jiàn lì
参加	cān jiā
參加	cān jiā
产品	chǎn pǐn
產品	chǎn pǐn
武汉市	wǔ hàn shì
武漢市	wǔ hàn shì
而且	ér qiě
一样	yī yàng
一樣	yī yàng
面积	miàn jī
面積	miàn jī
各种	gè zhǒng
各種	gè zhǒng
提出	tí chū
我国	wǒ guó
我國	wǒ guó
作用	zuò yòng
皇帝	huáng dì
必須	bì xū
必须	bì xū
行政	háng zhèng
編輯	biān jí
编辑	biān jí
职业	zhí yè
職業	zhí yè
制度	zhì dù
以后	yǐ hòu
以後	yǐ hòu
你们	nǐ mén
你們	nǐ mén
說道	shuō dào
说道	shuō dào
世紀	shì jì
世纪	shì jì
为了	wéi le
爲了	wéi le
应该	yīng gāi
應該	yīng gāi
之一	zhī yī
之后	zhī hòu
之後	zhī hòu
主席	zhǔ xí
系統	xì tǒng
系统	xì tǒng
有关	yǒu guān
有關	yǒu guān
組成	zǔ chéng
组成	zǔ chéng
民族	mín zú
基本	jī běn
增長	zēng cháng
增长	zēng cháng
自然	zì rán
大学	dà xué
大學	dà xué
如何	rú hé
政体	zhèng tǐ
政體	zhèng tǐ
各級	gè jí
各级	gè jí
人员	rén yuán
人員	rén yuán
計劃	jì huá
计划	jì huá
不会	bù huì
不會	bù huì
产生	chǎn shēng
產生	chǎn shēng
时期	shí qī
時期	shí qī
最后	zuì hòu
最後	zuì hòu
一次	yī cì
表示	biǎo shì
机构	jī gòu
機構	jī gòu
当时	dāng shí
當時	dāng shí
大家	dà jiā
特別	tè bié
特别	tè bié
改革	gǎi gé
長江	cháng jiāng
长江	cháng jiāng
那么	nà mó
那麼	nà mó
这么	zhè mó
這麼	zhè mó
东西	dōng xī
東西	dōng xī
能力	néng lì
湖北省	hú běi shěng
革命	gé mìng
一直	yī zhí
基础	jī chǔ
基礎	jī chǔ
还有	huán yǒu
還有	huán yǒu
得到	dé dào
进入	jìn rù
進入	jìn rù
运动	yùn dòng
運動	yùn dòng
目前	mù qián
对于	duì yú
對於	duì yú
过程	guò chéng
過程	guò chéng
方法	fāng fǎ
举行	jǔ háng
舉行	jǔ háng
羣衆	qún zhòng
群众	qún zhòng
第一	dì yī
单位	dān wèi
單位	dān wèi
如此	rú cǐ
孩子	hái zǐ
所有	suǒ yǒu
資源	zī yuán
资源	zī yuán
过去	guò qù
過去	guò qù
不过	bù guò
不過	bù guò
条件	tiáo jiàn
條件	tiáo jiàn
学校	xué xiào
學校	xué xiào
提高	tí gāo
工程	gōng chéng
环境	huán jìng
環境	huán jìng
提供	tí gōng
方式	fāng shì
百科	bǎi kē
報告	bào gào
报告	bào gào
或者	huò zhě
下來	xià lái
下来	xià lái
军事	jūn shì
軍事	jūn shì
部門	bù mén
部门	bù mén
分別	fēn bié
分别	fēn bié
十分	shí fēn
上海	shàng hǎi
完成	wán chéng
一切	yī qiē
那些	nà xiē
最大	zuì dà
然后	rán hòu
然後	rán hòu
农业	nóng yè
農業	nóng yè
經過	jīng guò
经过	jīng guò
专业	zhuān yè
專業	zhuān yè
准备	zhǔn bèi
準備	zhǔn bèi
增加	zēng jiā
獲得	huò dé
获得	huò dé
旅游	lǚ yóu
旅遊	lǚ yóu
一声	yī shēng
一聲	yī shēng
覺得	jué dé
觉得	jué dé
一起	yī qǐ
理論	lǐ lùn
理论	lǐ lùn
今天	jīn tiān
非常	fēi cháng
中央	zhōng yāng
比較	bǐ jiào
比较	bǐ jiào
表现	biǎo xiàn
表現	biǎo xiàn
价值	jià zhí
價值	jià zhí
国务院	guó wù yuàn
國務院	guó wù yuàn
科技	kē jì
完全	wán quán
亿元	yì yuán
億元	yì yuán
有些	yǒu xiē
存在	cún zài
达到	dá dào
達到	dá dào
內容	nèi róng
内容	nèi róng
实行	shí háng
實行	shí háng
思想	sī xiǎng
事情	shì qíng
实现	shí xiàn
實現	shí xiàn
甚至	shèn zhì
人民政府	rén mín zhèng fǔ
任务	rèn wù
任務	rèn wù
选举	xuǎn jǔ
選舉	xuǎn jǔ
形式	xíng shì
原來	yuán lái
原来	yuán lái
有人	yǒu rén
突然	tū rán
不断	bù duàn
不斷	bù duàn
咱们	zán mén
咱們	zán mén
变化	biàn huà
變化	biàn huà
心中	xīn zhōng
直接	zhí jiē
战争	zhàn zhēng
戰爭	zhàn zhēng
可是	kě shì
不知	bù zhī
政策	zhèng cè
不要	bù yào
資本	zī běn
资本	zī běn
繼續	jì xù
继续	jì xù
年代	nián dài
期間	qī jiān
期间	qī jiān
位于	wèi yú
位於	wèi yú
任何	rèn hé
权力	quán lì
權力	quán lì
那个	nà gè
那個	nà gè
執行	zhí háng
执行	zhí háng
先生	xiān shēng
解决	jiě jué
解決	jiě jué
建筑	jiàn zhù
建築	jiàn zhù
能够	néng gòu
能夠	néng gòu
自治区	zì zhì qū
自治區	zì zhì qū
称为	chēng wéi
稱爲	chēng wéi
結構	jié gòu
结构	jié gòu
一点	yī diǎn
一點	yī diǎn
成立	chéng lì
英国	yīng guó
英國	yīng guó
社会主义	shè huì zhǔ yì
社會主義	shè huì zhǔ yì
統一	tǒng yī
统一	tǒng yī
先进	xiān jìn
先進	xiān jìn
結果	jié guǒ
结果	jié guǒ
投資	tóu zī
投资	tóu zī
后来	hòu lái
後來	hòu lái
一下	yī xià
水平	shuǐ píng
保护	bǎo hù
保護	bǎo hù
主任	zhǔ rèn
关于	guān yú
關於	guān yú
負責	fù zé
负责	fù zé
制定	zhì dìng
艺术	yì shù
藝術	yì shù
利用	lì yòng
于是	yú shì
於是	yú shì
学习	xué xí
學習	xué xí
合作	hé zuò
科学	kē xué
科學	kē xué
看到	kàn dào
項目	xiàng mù
项目	xiàng mù
不敢	bù gǎn
襄阳	xiāng yáng
襄陽	xiāng yáng
几个	jī gè
幾個	jī gè
那裏	nà lǐ
那里	nà lǐ
公里	gōng lǐ
服务	fú wù
服務	fú wù
精神	jīng shén
人大	rén dà
全省	quán shěng
当然	dāng rán
當然	dāng rán
个人	gè rén
個人	gè rén
超过	chāo guò
超過	chāo guò
重点	zhòng diǎn
重點	zhòng diǎn
很多	hěn duō
原因	yuán yīn
及其	jí qí
公民	gōng mín
希望	xī wàng
新聞	xīn wén
新闻	xīn wén
設計	shè jì
设计	shè jì
相关	xiāng guān
相關	xiāng guān
国内	guó nèi
國內	guó nèi
分佈	fēn bù
分布	fēn bù
最高	zuì gāo
部队	bù duì
部隊	bù duì
它们	tā mén
它們	tā mén
集团	jí tuán
集團	jí tuán
信息	xìn xī
採用	cǎi yòng
采用	cǎi yòng
重大	zhòng dà
回來	huí lái
回来	huí lái
範圍	fàn wéi
范围	fàn wéi
引起	yǐn qǐ
实际	shí jì
實際	shí jì
其实	qí shí
其實	qí shí
不仅	bù jǐn
不僅	bù jǐn
取得	qǔ dé
丰富	fēng fù
豐富	fēng fù
农民	nóng mín
農民	nóng mín
整个	zhěng gè
整個	zhěng gè
为主	wéi zhǔ
爲主	wéi zhǔ
了解	le jiě
瞭解	liǎo jiě
价格	jià gé
價格	jià gé
甚么	shèn mó
甚麼	shèn mó
地位	dì wèi
这时	zhè shí
這時	zhè shí
劳动	láo dòng
勞動	láo dòng
按照	àn zhào
控制	kòng zhì
目标	mù biāo
目標	mù biāo
基地	jī dì
农村	nóng cūn
農村	nóng cūn
传统	chuán tǒng
傳統	chuán tǒng
受到	shòu dào
全部	quán bù
法国	fǎ guó
法國	fǎ guó
比賽	bǐ sài
比赛	bǐ sài
军队	jūn duì
軍隊	jūn duì
土地	tǔ dì
規模	guī mó
规模	guī mó
荆州	jīng zhōu
荊州	jīng zhōu
眼睛	yǎn jīng
左右	zuǒ yòu
选择	xuǎn zé
選擇	xuǎn zé
批准	pī zhǔn
身上	shēn shàng
专家	zhuān jiā
專家	zhuān jiā
分析	fēn xī
統治	tǒng zhì
统治	tǒng zhì
加強	jiā qiáng
加强	jiā qiáng
不到	bù dào
鐵路	tiě lù
铁路	tiě lù
百度	bǎi dù
每年	měi nián
告訴	gào sù
告诉	gào sù
支持	zhī chí
交通	jiāo tōng
明白	míng bái
处理	chǔ lǐ
處理	chǔ lǐ
本級	běn jí
本级	běn jí
作战	zuò zhàn
作戰	zuò zhàn
时代	shí dài
時代	shí dài
皇上	huáng shàng
实施	shí shī
實施	shí shī
只要	zhī yào
成功	chéng gōng
办法	bàn fǎ
辦法	bàn fǎ
随着	suí zhuó
隨着	suí zhuó
之中	zhī zhōng
进一步	jìn yī bù
進一步	jìn yī bù
心裏	xīn lǐ
心里	xīn lǐ
終於	zhōng yú
终于	zhōng yú
大量	dà liáng
人物	rén wù
共同	gòng tóng
全国人民代表大会	quán guó rén mín dài biǎo dà huì
全國人民代表大會	quán guó rén mín dài biǎo dà huì
下去	xià qù
多少	duō shǎo
來說	lái shuō
来说	lái shuō
严重	yán zhòng
嚴重	yán zhòng
詞條	cí tiáo
词条	cí tiáo
接受	jiē shòu
收入	shōu rù
以來	yǐ lái
以来	yǐ lái
城邦	chéng bāng
声音	shēng yīn
聲音	shēng yīn
意見	yì jiàn
意见	yì jiàn
过来	guò lái
過來	guò lái
保持	bǎo chí
今日	jīn rì
一条	yī tiáo
一條	yī tiáo
发言人	fā yán rén
發言人	fā yán rén
另外	lìng wài
坚持	jiān chí
堅持	jiān chí
工人	gōng rén
汽車	qì chē
汽车	qì chē
而是	ér shì
敌人	dí rén
敵人	dí rén
商品	shāng pǐn
說話	shuō huà
说话	shuō huà
改变	gǎi biàn
改變	gǎi biàn
先后	xiān hòu
先後	xiān hòu
力量	lì liáng
事业	shì yè
事業	shì yè
开发	kāi fā
看見	kàn jiàn
看见	kàn jiàn
開發	kāi fā
战略	zhàn lüè
戰略	zhàn lüè
标准	biāo zhǔn
標準	biāo zhǔn
是否	shì fǒu
中华人民共和国	zhōng huá rén mín gòng hé guó
中華人民共和國	zhōng huá rén mín gòng hé guó
出去	chū qù
今年	jīn nián
報道	bào dào
报道	bào dào
程度	chéng dù
国民党	guó mín dǎng
國民黨	guó mín dǎng
平均	píng jūn
消息	xiāo xī
还是	huán shì
還是	huán shì
安全	ān quán
独立	dú lì
獨立	dú lì
注意	zhù yì
机会	jī huì
機會	jī huì
韋小寶	wéi xiǎo bǎo
韦小宝	wéi xiǎo bǎo
父亲	fù qīn
父親	fù qīn
此外	cǐ wài
这次	zhè cì
這次	zhè cì
經驗	jīng yàn
经验	jīng yàn
採取	cǎi qǔ
采取	cǎi qǔ
喜欢	xǐ huān
喜歡	xǐ huān
根本	gēn běn
領域	lǐng yù
领域	lǐng yù
具体	jù tǐ
具體	jù tǐ
联系	lián xì
聯繫	lián xì
几乎	jī hū
幾乎	jī hū
干部	gān bù
幹部	gàn bù
印度	yìn dù
如今	rú jīn
大会	dà huì
大會	dà huì
不可	bù kě
兄弟	xiōng dì
德国	dé guó
德國	dé guó
阶段	jiē duàn
階段	jiē duàn
为什么	wéi shí mó
感到	gǎn dào
爲什麼	wéi shí mó
无法	wú fǎ
無法	wú fǎ
宪法	xiàn fǎ
憲法	xiàn fǎ
似乎	sì hū
原则	yuán zé
原則	yuán zé
真正	zhēn zhèng
法規	fǎ guī
法规	fǎ guī
斗争	dǒu zhēng
鬥爭	dòu zhēng
人类	rén lèi
人類	rén lèi
目的	mù de
造成	zào chéng
一位	yī wèi
反对	fǎn duì
反對	fǎn duì
儿子	ér zǐ
兒子	ér zǐ
相同	xiāng tóng
以前	yǐ qián
著名	zhù míng
众人	zhòng rén
衆人	zhòng rén
建議	jiàn yì
建议	jiàn yì
迅速	xùn sù
全面	quán miàn
正是	zhèng shì
明显	míng xiǎn
明顯	míng xiǎn
就是	jiù shì
欧洲	ōu zhōu
歐洲	ōu zhōu
作品	zuò pǐn
首先	shǒu xiān
集中	jí zhōng
正式	zhèng shì
朋友	péng yǒu
第二	dì èr
召开	zhào kāi
召開	zhào kāi
材料	cái liào
帮助	bāng zhù
幫助	bāng zhù
飛機	fēi jī
飞机	fēi jī
委员	wěi yuán
委員	wěi yuán
行动	háng dòng
行動	háng dòng
保證	bǎo zhèng
保证	bǎo zhèng
现象	xiàn xiàng
現象	xiàn xiàng
特点	tè diǎn
特點	tè diǎn
现代	xiàn dài
現代	xiàn dài
实际上	shí jì shàng
實際上	shí jì shàng
資料	zī liào
资料	zī liào
毛泽东	máo zé dōng
毛澤東	máo zé dōng
同志	tóng zhì
行为	háng wéi
行爲	háng wéi
結束	jié shù
结束	jié shù
直轄市	zhí xiá shì
直辖市	zhí xiá shì
介紹	jiè shào
介绍	jiè shào
只見	zhī jiàn
只见	zhī jiàn
勝利	shèng lì
胜利	shèng lì
認識	rèn shí
认识	rèn shí
人数	rén shù
人數	rén shù
姑娘	gū niáng
积极	jī jí
積極	jī jí
家庭	jiā tíng
之前	zhī qián
更加	gēng jiā
回答	huí dá
武器	wǔ qì
那样	nà yàng
那樣	nà yàng
应用	yīng yòng
應用	yīng yòng
市長	shì cháng
市长	shì cháng
來到	lái dào
来到	lái dào
設立	shè lì
设立	shè lì
产业	chǎn yè
產業	chǎn yè
公路	gōng lù
人才	rén cái
意义	yì yì
意義	yì yì
台湾	tái wān
臺灣	tái wān
容易	róng yì
長期	cháng qī
长期	cháng qī
一句	yī jù
大道	dà dào
扩大	kuò dà
擴大	kuò dà
官员	guān yuán
官員	guān yuán
調整	diào zhěng
调整	tiáo zhěng
考慮	kǎo lǜ
考虑	kǎo lǜ
联合	lián hé
聯合	lián hé
並且	bìng qiě
并且	bìng qiě
自由	zì yóu
仍然	réng rán
拥有	yōng yǒu
擁有	yōng yǒu
民主	mín zhǔ
专门	zhuān mén
專門	zhuān mén
附近	fù jìn
一天	yī tiān
师父	shī fù
師父	shī fù
結合	jié hé
结合	jié hé
清楚	qīng chǔ
說明	shuō míng
说明	shuō míng
稳定	wěn dìng
穩定	wěn dìng
古代	gǔ dài
三个	sān gè
三個	sān gè
此时	cǐ shí
此時	cǐ shí
物質	wù zhì
物质	wù zhì
电话	diàn huà
電話	diàn huà
網絡	wǎng luò
网络	wǎng luò
利益	lì yì
然而	rán ér
很大	hěn dà
不少	bù shǎo
中学	zhōng xué
中學	zhōng xué
开放	kāi fàng
調查	diào chá
调查	tiáo chá
開放	kāi fàng
人家	rén jiā
重新	zhòng xīn
广泛	guǎng fàn
廣泛	guǎng fàn
分为	fēn wéi
分爲	fēn wéi
知識	zhī shí
知识	zhī shí
別人	bié rén
别人	bié rén
綜合	zōng hé
综合	zōng hé
出口	chū kǒu
动物	dòng wù
動物	dòng wù
速度	sù dù
总理	zǒng lǐ
總理	zǒng lǐ
脸上	liǎn shàng
臉上	liǎn shàng
用于	yòng yú
用於	yòng yú
設備	shè bèi
设备	shè bèi
女人	nǚ rén
股东	gǔ dōng
股東	gǔ dōng
作出	zuò chū
展开	zhǎn kāi
展開	zhǎn kāi
措施	cuò shī
通常	tōng cháng
电子	diàn zǐ
電子	diàn zǐ
方向	fāng xiàng
导弹	dǎo dàn
導彈	dǎo dàn
小时	xiǎo shí
小時	xiǎo shí
平民	píng mín
行业	háng yè
行業	háng yè
特色	tè sè
貨幣	huò bì
货币	huò bì
完善	wán shàn
地理	dì lǐ
功能	gōng néng
香港	xiāng gǎng
巨大	jù dà
发表	fā biǎo
發表	fā biǎo
性質	xìng zhì
性质	xìng zhì
母亲	mǔ qīn
母親	mǔ qīn
質量	zhì liáng
质量	zhì liáng
命令	mìng líng
和平	hé píng
监督	jiān dū
監督	jiān dū
一年	yī nián
身体	shēn tǐ
身體	shēn tǐ
面前	miàn qián
武功	wǔ gōng
位置	wèi zhì
体系	tǐ xì
體系	tǐ xì
越來越	yuè lái yuè
越来越	yuè lái yuè
逐渐	zhú jiàn
逐漸	zhú jiàn
指出	zhǐ chū
安排	ān pái
权利	quán lì
權利	quán lì
訓練	xùn liàn
训练	xùn liàn
考試	kǎo shì
考试	kǎo shì
指挥	zhǐ huī
指揮	zhǐ huī
却是	què shì
卻是	què shì
指导	zhǐ dǎo
指導	zhǐ dǎo
发布	fā bù
發佈	fā bù
除了	chú le
从而	cóng ér
從而	cóng ér
感覺	gǎn jué
感觉	gǎn jué
努力	nǔ lì
机场	jī cháng
機場	jī cháng
业务	yè wù
業務	yè wù
植物	zhí wù
同样	tóng yàng
同樣	tóng yàng
状态	zhuàng tài
狀態	zhuàng tài
人民代表大会常务委员会	rén mín dài biǎo dà huì cháng wù wěi yuán huì
人民代表大會常務委員會	rén mín dài biǎo dà huì cháng wù wěi yuán huì
二人	èr rén
銀行	yín háng
银行	yín háng
书记	shū jì
書記	shū jì
治疗	zhì liáo
治療	zhì liáo
一阵	yī zhèn
一陣	yī zhèn
所謂	suǒ wèi
所谓	suǒ wèi
这位	zhè wèi
這位	zhè wèi
反应	fǎn yīng
反應	fǎn yīng
語言	yǔ yán
语言	yǔ yán
忽然	hū rán
当年	dāng nián
當年	dāng nián
以下	yǐ xià
找到	zhǎo dào
青年	qīng nián
宣佈	xuān bù
宣布	xuān bù
恢复	huī fù
恢復	huī fù
离开	lí kāi
離開	lí kāi
困难	kùn nán
困難	kùn nán
事件	shì jiàn
哪裏	nǎ lǐ
哪里	nǎ lǐ
实在	shí zài
實在	shí zài
見到	jiàn dào
见到	jiàn dào
装备	zhuāng bèi
裝備	zhuāng bèi
某些	mǒu xiē
其它	qí tā
問道	wèn dào
问道	wèn dào
万元	wàn yuán
萬元	wàn yuán
检察院	jiǎn chá yuàn
檢察院	jiǎn chá yuàn
平原	píng yuán
經營	jīng yíng
经营	jīng yíng
多年	duō nián
往往	wǎng wǎng
苏联	sū lián
蘇聯	sū lián
广场	guǎng cháng
廣場	guǎng cháng
解释	jiě shì
解釋	jiě shì
因素	yīn sù
队伍	duì wǔ
隊伍	duì wǔ
教授	jiào shòu
医院	yī yuàn
醫院	yī yuàn
怎样	zěn yàng
怎樣	zěn yàng
男人	nán rén
双方	shuāng fāng
雙方	shuāng fāng
减少	jiǎn shǎo
減少	jiǎn shǎo
考生	kǎo shēng
当地	dāng dì
當地	dāng dì
多种	duō zhǒng
多種	duō zhǒng
經常	jīng cháng
经常	jīng cháng
各地	gè dì
生物	shēng wù
平方千米	píng fāng qiān mǐ
南京	nán jīng
海军	hǎi jūn
海軍	hǎi jūn
外交部	wài jiāo bù
真是	zhēn shì
心想	xīn xiǎng
外国	wài guó
外國	wài guó
財產	cái chǎn
财产	cái chǎn
全市	quán shì
本來	běn lái
本来	běn lái
两种	liǎng zhǒng
兩種	liǎng zhǒng
有效	yǒu xiào
尤其	yóu qí
一边	yī biān
一邊	yī biān
用戶	yòng hù
用户	yòng hù
方案	fāng àn
进攻	jìn gōng
進攻	jìn gōng
常委会	cháng wěi huì
常委會	cháng wěi huì
机械	jī xiè
機械	jī xiè
参与	cān yǔ
參與	cān yǔ
充分	chōng fēn
从事	cóng shì
從事	cóng shì
儘管	jǐn guǎn
尽管	jìn guǎn
特殊	tè shū
又称	yòu chēng
又稱	yòu chēng
一块	yī kuài
一塊	yī kuài
手段	shǒu duàn
生命	shēng mìng
便是	biàn shì
体育	tǐ yù
體育	tǐ yù
居民	jū mín
天安門廣場	tiān ān mén guǎng cháng
天安门广场	tiān ān mén guǎng cháng
生長	shēng cháng
生长	shēng cháng
內部	nèi bù
内部	nèi bù
立即	lì jí
简单	jiǎn dān
簡單	jiǎn dān
一片	yī piàn
全国人大常委会	quán guó rén dà cháng wěi huì
全國人大常委會	quán guó rén dà cháng wěi huì
数量	shù liáng
數量	shù liáng
有时	yǒu shí
有時	yǒu shí
开展	kāi zhǎn
開展	kāi zhǎn
文学	wén xué
文學	wén xué
进来	jìn lái
進來	jìn lái
决议	jué yì
決議	jué yì
显示	xiǎn shì
顯示	xiǎn shì
属于	shǔ yú
屬於	shǔ yú
也許	yě xū
也许	yě xǔ
中国共产党	zhōng guó gòng chǎn dǎng
中國共產黨	zhōng guó gòng chǎn dǎng
气候	qì hòu
氣候	qì hòu
一只	yī zhī
一隻	yī zhī
來自	lái zì
来自	lái zì
还要	huán yào
還要	huán yào
相信	xiāng xìn
确定	què dìng
確定	què dìng
投入	tóu rù
一面	yī miàn
普通	pǔ tōng
看着	kàn zhuó
公元	gōng yuán
去年	qù nián
文章	wén zhāng
手中	shǒu zhōng
心理	xīn lǐ
女儿	nǚ ér
女兒	nǚ ér
封建	fēng jiàn
图片	tú piàn
圖片	tú piàn
创造	chuàng zào
創造	chuàng zào
总统	zǒng tǒng
總統	zǒng tǒng
促进	cù jìn
促進	cù jìn
大型	dà xíng
带来	dài lái
帶來	dài lái
教师	jiào shī
教師	jiào shī
竟然	jìng rán
較大	jiào dà
较大	jiào dà
看來	kàn lái
看来	kàn lái
若干	ruò gān
反映	fǎn yìng
每个	měi gè
每個	měi gè
每天	měi tiān
食品	shí pǐn
坐在	zuò zài
文明	wén míng
相当	xiāng dāng
相當	xiāng dāng
变成	biàn chéng
變成	biàn chéng
資金	zī jīn
资金	zī jīn
放在	fàng zài
毫米	háo mǐ
中間	zhōng jiān
中间	zhōng jiān
夫人	fū rén
相对	xiāng duì
相對	xiāng duì
大陆	dà lù
大陸	dà lù
职权	zhí quán
職權	zhí quán
西方	xī fāng
不再	bù zài
第一次	dì yī cì
导致	dǎo zhì
導致	dǎo zhì
对方	duì fāng
對方	duì fāng
应当	yīng dāng
應當	yīng dāng
人民法院	rén mín fǎ yuàn
討論	tǎo lùn
讨论	tǎo lùn
即使	jí shǐ
金融	jīn róng
愛國	ài guó
爱国	ài guó
證明	zhèng míng
证明	zhèng míng
制造	zhì zào
製造	zhì zào
构成	gòu chéng
構成	gòu chéng
老师	lǎo shī
老師	lǎo shī
担任	dān rèn
擔任	dān rèn
区域	qū yù
區域	qū yù
一座	yī zuò
院長	yuàn cháng
院长	yuàn cháng
計算機	jì suàn jī
计算机	jì suàn jī
家裏	jiā lǐ
家里	jiā lǐ
錯誤	cuò wù
错误	cuò wù
曾經	zēng jīng
曾经	zēng jīng
保障	bǎo zhàng
天安門城樓	tiān ān mén chéng lóu
天安门城楼	tiān ān mén chéng lóu
创作	chuàng zuò
創作	chuàng zuò
強調	qiáng diào
强调	qiáng tiáo
连续	lián xù
連續	lián xù
运输	yùn shū
運輸	yùn shū
看看	kàn kàn
分鐘	fēn zhōng
分钟	fēn zhōng
主张	zhǔ zhāng
主張	zhǔ zhāng
商业	shāng yè
商業	shāng yè
高速	gāo sù
有限公司	yǒu xiàn gōng sī
真的	zhēn de
只能	zhī néng
天下	tiān xià
貿易	mào yì
贸易	mào yì
不得	bù dé
境內	jìng nèi
境内	jìng nèi
体制	tǐ zhì
體制	tǐ zhì
因而	yīn ér
例如	lì rú
財政	cái zhèng
财政	cái zhèng
肯定	kěn dìng
成績	chéng jì
成绩	chéng jì
一件	yī jiàn
音乐	yīn lè
音樂	yīn lè
建成	jiàn chéng
回去	huí qù
难道	nán dào
難道	nán dào
接着	jiē zhuó
正确	zhèng què
正確	zhèng què
现代化	xiàn dài huà
現代化	xiàn dài huà
石首市	shí shǒu shì
以为	yǐ wéi
以爲	yǐ wéi
处于	chǔ yú
處於	chǔ yú
大臣	dà chén
高度	gāo dù
复杂	fù zá
複雜	fù zá
社区	shè qū
社區	shè qū
身子	shēn zǐ
回到	huí dào
媒体	méi tǐ
媒體	méi tǐ
俄罗斯	é luó sī
俄羅斯	é luó sī
地面	dì miàn
分子	fēn zǐ
总是	zǒng shì
意思	yì sī
總是	zǒng shì
东北	dōng běi
東北	dōng běi
銷售	xiāo shòu
销售	xiāo shòu
弟子	dì zǐ
未來	wèi lái
未来	wèi lái
等等	děng děng
重視	zhòng shì
重视	zhòng shì
压力	yā lì
壓力	yā lì
良好	liáng hǎo
到底	dào dǐ
各个	gè gè
各個	gè gè
最終	zuì zhōng
最终	zuì zhōng
战斗	zhàn dǒu
戰鬥	zhàn dòu
航空	háng kōng
之下	zhī xià
一級	yī jí
一级	yī jí
裏面	lǐ miàn
里面	lǐ miàn
数学	shù xué
數學	shù xué
全国人民代表大会常务委员会	quán guó rén mín dài biǎo dà huì cháng wù wěi yuán huì
全國人民代表大會常務委員會	quán guó rén mín dài biǎo dà huì cháng wù wěi yuán huì
毕业	bì yè
畢業	bì yè
竞争	jìng zhēng
競爭	jìng zhēng
宗教	zōng jiào
比例	bǐ lì
健康	jiàn kāng
适应	shì yīng
適應	shì yīng
她们	tā mén
她們	tā mén
出版	chū bǎn
故事	gù shì
責任	zé rèn
责任	zé rèn
面对	miàn duì
面對	miàn duì
将军	jiāng jūn
將軍	jiāng jūn
粮食	liáng shí
糧食	liáng shí
政权	zhèng quán
政權	zhèng quán
各国	gè guó
各國	gè guó
类型	lèi xíng
類型	lèi xíng
发挥	fā huī
發揮	fā huī
听说	tīng shuō
聽說	tīng shuō
遗址	yí zhǐ
遺址	yí zhǐ
南北	nán běi
立刻	lì kè
亚洲	yà zhōu
亞洲	yā zhōu
正常	zhèng cháng
女子	nǚ zǐ
培养	péi yǎng
培養	péi yǎng
就业	jiù yè
就業	jiù yè
大小	dà xiǎo
祕書長	mì shū cháng
秘书长	mì shū cháng
明确	míng què
明確	míng què
优势	yōu shì
優勢	yōu shì
好像	hǎo xiàng
一场	yī cháng
一場	yī cháng
至少	zhì shǎo
人士	rén shì
晚上	wǎn shàng
特征	tè zhēng
特徵	tè zhǐ
确实	què shí
確實	què shí
貢獻	gòng xiàn
贡献	gòng xiàn
实验	shí yàn
實驗	shí yàn
高級	gāo jí
高级	gāo jí
想到	xiǎng dào
关键	guān jiàn
關鍵	guān jiàn
一眼	yī yǎn
周围	zhōu wéi
周圍	zhōu wéi
难以	nán yǐ
難以	nán yǐ
样子	yàng zǐ
樣子	yàng zǐ
本報	běn bào
本报	běn bào
帝国主义	dì guó zhǔ yì
帝國主義	dì guó zhǔ yì
自治州	zì zhì zhōu
一张	yī zhāng
一張	yī zhāng
相互	xiāng hù
是不是	shì bù shì
部長	bù cháng
部长	bù cháng
身边	shēn biān
身邊	shēn biān
广州	guǎng zhōu
廣州	guǎng zhōu
三年	sān nián
之外	zhī wài
蒙古	mēng gǔ
发出	fā chū
發出	fā chū
只有	zhī yǒu
比如	bǐ rú
理解	lǐ jiě
刚才	gāng cái
剛纔	gāng cái
不足	bù zú
南部	nán bù
程序	chéng xù
加上	jiā shàng
西北	xī běi
父母	fù mǔ
一中	yī zhōng
适当	shì dāng
適當	shì dāng
留下	liú xià
李自成	lǐ zì chéng
研制	yán zhì
研製	yán zhì
省級	shěng jí
省级	shěng jí
发达	fā dá
發達	fā dá
东部	dōng bù
全国人大	quán guó rén dà
全國人大	quán guó rén dà
東部	dōng bù
品种	pǐn zhǒng
品種	pǐn zhǒng
愿意	yuàn yì
願意	yuàn yì
道路	dào lù
类似	lèi sì
類似	lèi sì
空军	kōng jūn
空軍	kōng jūn
行使	háng shǐ
細胞	xì bāo
细胞	xì bāo
空間	kōng jiān
空间	kōng jiān
形势	xíng shì
形勢	xíng shì
西部	xī bù
小說	xiǎo shuō
小说	xiǎo shuō
妇女	fù nǚ
婦女	fù nǚ
股份	gǔ fèn
維護	wéi hù
维护	wéi hù
公佈	gōng bù
公布	gōng bù
名称	míng chēng
名稱	míng chēng
只好	zhī hǎo
检查	jiǎn chá
檢查	jiǎn chá
化学	huà xué
化學	huà xué
任期	rèn qī
儿童	ér tóng
兒童	ér tóng
矛盾	máo dùn
本身	běn shēn
規劃	guī huá
规划	guī huá
状况	zhuàng kuàng
狀況	zhuàng kuàng
一家	yī jiā
实践	shí jiàn
實踐	shí jiàn
成長	chéng cháng
成长	chéng cháng
需求	xū qiú
分配	fēn pèi
多次	duō cì
一致	yī zhì
西南	xī nán
一时	yī shí
一時	yī shí
既然	jì rán
貴族	guì zú
贵族	guì zú
高兴	gāo xīng
高興	gāo xīng
全体	quán tǐ
全體	quán tǐ
美元	měi yuán
統計	tǒng jì
统计	tǒng jì
事务	shì wù
事務	shì wù
体现	tǐ xiàn
體現	tǐ xiàn
名字	míng zì
不了	bù le
产量	chǎn liáng
始終	shǐ zhōng
始终	shǐ zhōng
產量	chǎn liáng
最近	zuì jìn
長安	cháng ān
长安	cháng ān
英雄	yīng xióng
从此	cóng cǐ
同意	tóng yì
從此	cóng cǐ
一步	yī bù
海拔	hǎi bá
掌握	zhǎng wò
普遍	pǔ biàn
宜昌	yí chāng
招生	zhāo shēng
攻击	gōng jī
攻擊	gōng jī
天然	tiān rán
不錯	bù cuò
不错	bù cuò
亲自	qīn zì
親自	qīn zì
一旦	yī dàn
相应	xiāng yīng
相應	xiāng yīng
觀點	guān diǎn
观点	guān diǎn
实力	shí lì
實力	shí lì
中部	zhōng bù
听到	tīng dào
聽到	tīng dào
再次	zài cì
更是	gēng shì
突出	tū chū
全球	quán qiú
条例	tiáo lì
條例	tiáo lì
人大代表	rén dà dài biǎo
公元前	gōng yuán qián
經歷	jīng lì
经历	jīng lì
进步	jìn bù
進步	jìn bù
上述	shàng shù
抗日	kàng rì
絕對	jué duì
绝对	jué duì
修改	xiū gǎi
优秀	yōu xiù
優秀	yōu xiù
至于	zhì yú
至於	zhì yú
河流	hé liú
发动	fā dòng
發動	fā dòng
审议	shěn yì
審議	shěn yì
計算	jì suàn
计算	jì suàn
数据	shù jù
數據	shù jù
关注	guān zhù
關注	guān zhù
女性	nǚ xìng
职工	zhí gōng
職工	zhí gōng
資本主義	zī běn zhǔ yì
资本主义	zī běn zhǔ yì
必要	bì yào
朝廷	zhāo tíng
不肯	bù kěn
表明	biǎo míng
委员长	wěi yuán cháng
委員長	wěi yuán cháng
主持	zhǔ chí
常常	cháng cháng
遇到	yù dào
在于	zài yú
在於	zài yú
消費	xiāo fèi
消费	xiāo fèi
欢迎	huān yíng
歡迎	huān yíng
想起	xiǎng qǐ
日子	rì zǐ
条约	tiáo yuē
條約	tiáo yuē
协议	xié yì
協議	xié yì
公开	gōng kāi
公開	gōng kāi
行政区划	háng zhèng qū huá
行政區劃	háng zhèng qū huá
限制	xiàn zhì
现实	xiàn shí
現實	xiàn shí
武昌	wǔ chāng
強烈	qiáng liè
强烈	qiáng liè
早已	zǎo yǐ
的話	de huà
的话	de huà
衣服	yī fú
太阳	tài yáng
太陽	tài yáng
河南	hé nán
广大	guǎng dà
廣大	guǎng dà
正在	zhèng zài
胖子	pàng zǐ
很快	hěn kuài
态度	tài dù
態度	tài dù
不好	bù hǎo
交流	jiāo liú
万吨	wàn dūn
萬噸	wàn dūn
前面	qián miàn
森林	sēn lín
显然	xiǎn rán
顯然	xiǎn rán
有所	yǒu suǒ
闖王	chuǎng wáng
闯王	chuǎng wáng
一部分	yī bù fēn
撤銷	chè xiāo
撤销	chè xiāo
千米	qiān mǐ
破坏	pò huài
破壞	pò huài
双手	shuāng shǒu
雙手	shuāng shǒu
江南	jiāng nán
閱讀	yuè dú
阅读	yuè dú
上面	shàng miàn
工資	gōng zī
工资	gōng zī
紛紛	fēn fēn
纷纷	fēn fēn
北部	běi bù
种类	zhǒng lèi
種類	zhǒng lèi
无论	wú lùn
無論	wú lùn
深入	shēn rù
推进	tuī jìn
推進	tuī jìn
石油	shí yóu
进去	jìn qù
進去	jìn qù
地上	dì shàng
效果	xiào guǒ
团体	tuán tǐ
團體	tuán tǐ
倘若	tǎng ruò
年輕	nián qīng
年轻	nián qīng
核心	hé xīn
电影	diàn yǐng
電影	diàn yǐng
紡織	fǎng zhī
纺织	fǎng zhī
形象	xíng xiàng
果然	guǒ rán
意識	yì shí
意识	yì shí
常务	cháng wù
常務	cháng wù
显得	xiǎn dé
規律	guī lǜ
规律	guī lǜ
顯得	xiǎn dé
平等	píng děng
山东	shān dōng
山東	shān dōng
加工	jiā gōng
只是	zhī shì
洪山区	hóng shān qū
洪山區	hóng shān qū
两侧	liǎng cè
兩側	liǎng cè
列为	liè wéi
列爲	liè wéi
加入	jiā rù
大部分	dà bù fēn
解放	jiě fàng
新华社	xīn huá shè
新華社	xīn huá shè
逐步	zhú bù
担心	dān xīn
擔心	dān xīn
下降	xià jiàng
电视	diàn shì
表面	biǎo miàn
電視	diàn shì
工具	gōng jù
第三	dì sān
網站	wǎng zhàn
网站	wǎng zhàn
制作	zhì zuò
製作	zhì zuò
設施	shè shī
设施	shè shī
天津	tiān jīn
成果	chéng guǒ
各項	gè xiàng
各项	gè xiàng
預算	yù suàn
预算	yù suàn
寡头	guǎ tóu
寡頭	guǎ tóu
紧张	jǐn zhāng
緊張	jǐn zhāng
手机	shǒu jī
手機	shǒu jī
令狐冲	líng hú chōng
令狐沖	líng hú chōng
一系列	yī xì liè
势力	shì lì
勢力	shì lì
記載	jì zài
记载	jì zǎi
外交	wài jiāo
搜狐	sōu hú
众多	zhòng duō
衆多	zhòng duō
一把	yī bǎ
年底	nián dǐ
文物	wén wù
宣传	xuān chuán
宣傳	xuān chuán
日常	rì cháng
检察长	jiǎn chá cháng
檢察長	jiǎn chá cháng
一名	yī míng
高中	gāo zhōng
严格	yán gé
令人	líng rén
嚴格	yán gé
不管	bù guǎn
領導人	lǐng dǎo rén
领导人	lǐng dǎo rén
满足	mǎn zú
滿足	mǎn zú
推动	tuī dòng
推動	tuī dòng
下午	xià wǔ
地下	dì xià
昨天	zuó tiān
随后	suí hòu
隨後	suí hòu
認真	rèn zhēn
认真	rèn zhēn
大声	dà shēng
大聲	dà shēng
生于	shēng yú
生於	shēng yú
成员	chéng yuán
成員	chéng yuán
明代	míng dài
创新	chuàng xīn
創新	chuàng xīn
不久	bù jiǔ
遭到	zāo dào
培訓	péi xùn
培训	péi xùn
持續	chí xù
持续	chí xù
数字	shù zì
數字	shù zì
游客	yóu kè
遊客	yóu kè
試驗	shì yàn
试验	shì yàn
阶级	jiē jí
階級	jiē jí
似的	sì de
发射	fā shè
發射	fā shè
文字	wén zì
天門	tiān mén
天门	tiān mén
來看	lái kàn
来看	lái kàn
城楼	chéng lóu
城樓	chéng lóu
公园	gōng yuán
公園	gōng yuán
空中	kōng zhōng
軟件	ruǎn jiàn
软件	ruǎn jiàn
习惯	xí guàn
事实	shì shí
事實	shì shí
習慣	xí guàn
地球	dì qiú
一半	yī bàn
刚刚	gāng gāng
剛剛	gāng gāng
手裏	shǒu lǐ
手里	shǒu lǐ
武装	wǔ zhuāng
武裝	wǔ zhuāng
不但	bù dàn
任免	rèn miǎn
张居正	zhāng jū zhèng
張居正	zhāng jū zhèng
不想	bù xiǎng
意大利	yì dà lì
距离	jù lí
距離	jù lí
永远	yǒng yuǎn
永遠	yǒng yuǎn
年間	nián jiān
年间	nián jiān
互相	hù xiāng
人大常委会	rén dà cháng wěi huì
人大常委會	rén dà cháng wěi huì
一段	yī duàn
妻子	qī zǐ
妈妈	mā mā
媽媽	mā mā
眼前	yǎn qián
元年	yuán nián
对象	duì xiàng
對象	duì xiàng
听见	tīng jiàn
四个	sì gè
四個	sì gè
聽見	tīng jiàn
变得	biàn dé
變得	biàn dé
彻底	chè dǐ
徹底	chè dǐ
毕竟	bì jìng
畢竟	bì jìng
快速	kuài sù
朝鮮	zhāo xiān
朝鲜	zhāo xiān
失敗	shī bài
失败	shī bài
临时	lín shí
臨時	lín shí
一批	yī pī
利润	lì rùn
利潤	lì rùn
多数	duō shù
多數	duō shù
那时	nà shí
那時	nà shí
路線	lù xiàn
路线	lù xiàn
其余	qí yú
其餘	qí yú
划分	huá fēn
劃分	huá fēn
唯一	wéi yī
坦克	tǎn kè
尚书	shàng shū
尚書	shàng shū
概念	gài niàn
來源	lái yuán
来源	lái yuán
充满	chōng mǎn
充滿	chōng mǎn
降低	jiàng dī
四大	sì dà
慢慢	màn màn
老人	lǎo rén
符合	fú hé
发布会	fā bù huì
發佈會	fā bù huì
小姐	xiǎo jiě
哲学	zhé xué
哲學	zhé xué
輕輕	qīng qīng
轻轻	qīng qīng
北平	běi píng
老板	lǎo bǎn
老闆	lǎo bǎn
这件	zhè jiàn
這件	zhè jiàn
同学	tóng xué
同學	tóng xué
校名	xiào míng
山地	shān dì
美军	měi jūn
美軍	měi jūn
那种	nà zhǒng
那種	nà zhǒng
办公室	bàn gōng shì
率領	shuài lǐng
率领	shuài lǐng
辦公室	bàn gōng shì
录取	lù qǔ
錄取	lù qǔ
矿产	kuàng chǎn
礦產	kuàng chǎn
当下	dāng xià
當下	dāng xià
別的	bié de
别的	bié de
咨询	zī xún
小龍	xiǎo lóng
小龙	xiǎo lóng
諮詢	zī xún
几天	jī tiān
幾天	jī tiān
伸手	shēn shǒu
五年	wǔ nián
各自	gè zì
自身	zì shēn
判断	pàn duàn
判斷	pàn duàn
哥哥	gē gē
失去	shī qù
危机	wēi jī
危機	wēi jī
后面	hòu miàn
後面	hòu miàn
配合	pèi hé
大事	dà shì
增強	zēng qiáng
增强	zēng qiáng
卫生	wèi shēng
衛生	wèi shēng
金属	jīn shǔ
金屬	jīn shǔ
成本	chéng běn
文件	wén jiàn
加以	jiā yǐ
丈夫	zhàng fū
必然	bì rán
財富	cái fù
财富	cái fù
首都	shǒu dū
此后	cǐ hòu
此後	cǐ hòu
購買	gòu mǎi
购买	gòu mǎi
东南	dōng nán
公共	gōng gòng
東南	dōng nán
医生	yī shēng
素質	sù zhì
素质	sù zhì
醫生	yī shēng
打击	dǎ jī
打擊	dǎ jī
改善	gǎi shàn
生态	shēng tài
生態	shēng tài
广东	guǎng dōng
廣東	guǎng dōng
人生	rén shēng
一带	yī dài
一帶	yī dài
改为	gǎi wéi
改爲	gǎi wéi
方針	fāng zhēn
方针	fāng zhēn
紅色	hóng sè
红色	hóng sè
承認	chéng rèn
承认	chéng rèn
英語	yīng yǔ
英语	yīng yǔ
象征	xiàng zhēng
象徵	xiàng zhǐ
少数	shǎo shù
少數	shǎo shù
設置	shè zhì
设置	shè zhì
爆发	bào fā
爆發	bào fā
飛行	fēi háng
飞行	fēi háng
具備	jù bèi
具备	jù bèi
学者	xué zhě
學者	xué zhě
否则	fǒu zé
否則	fǒu zé
对外	duì wài
對外	duì wài
性命	xìng mìng
故道	gù dào
疾病	jí bìng
随即	suí jí
隨即	suí jí
不禁	bù jīn
大明	dà míng
百姓	bǎi xìng
缺乏	quē fá
院校	yuàn xiào
功夫	gōng fū
成分	chéng fēn
伟大	wěi dà
偉大	wěi dà
投票	tóu piào
閉會	bì huì
闭会	bì huì
完整	wán zhěng
机制	jī zhì
機制	jī zhì
起义	qǐ yì
起義	qǐ yì
几年	jī nián
国民经济	guó mín jīng jì
國民經濟	guó mín jīng jì
幾年	jī nián
打开	dǎ kāi
打開	dǎ kāi
村委会	cūn wěi huì
村委會	cūn wěi huì
考察	kǎo chá
皇城	huáng chéng
答应	dá yīng
答應	dá yīng
演出	yǎn chū
相比	xiāng bǐ
最早	zuì zǎo
觀念	guān niàn
观念	guān niàn
營養	yíng yǎng
营养	yíng yǎng
运用	yùn yòng
運用	yùn yòng
行者	háng zhě
职务	zhí wù
職務	zhí wù
本人	běn rén
面临	miàn lín
面臨	miàn lín
第一个	dì yī gè
第一個	dì yī gè
吸收	xī shōu
流通	liú tōng
现场	xiàn cháng
現場	xiàn cháng
协调	xié tiáo
協調	xié diào
抓住	zhuā zhù
海洋	hǎi yáng
对手	duì shǒu
對手	duì shǒu
承担	chéng dān
承擔	chéng dān
交易	jiāo yì
原料	yuán liào
自治县	zì zhì xiàn
自治縣	zì zhì xiàn
邓小平	dèng xiǎo píng
鄧小平	dèng xiǎo píng
是从	shì cóng
是從	shì cóng
針對	zhēn duì
针对	zhēn duì
外面	wài miàn
争取	zhēng qǔ
爭取	zhēng qǔ
发育	fā yù
桃花	táo huā
發育	fā yù
事物	shì wù
風險	fēng xiǎn
风险	fēng xiǎn
奴隶	nú lì
奴隸	nú lì
少年	shǎo nián
召集	zhào jí
叫做	jiào zuò
推出	tuī chū
教学	jiào xué
教學	jiào xué
作者	zuò zhě
化工	huà gōng
論壇	lùn tán
论坛	lùn tán
出席	chū xí
貸款	dài kuǎn
贷款	dài kuǎn
东方	dōng fāng
東方	dōng fāng
再也	zài yě
理想	lǐ xiǎng
游行	yóu háng
遊行	yóu háng
究竟	jiū jìng
下面	xià miàn
危险	wēi xiǎn
危險	wēi xiǎn
年均	nián jūn
上來	shàng lái
上来	shàng lái
平衡	píng héng
清代	qīng dài
大規模	dà guī mó
大规模	dà guī mó
寻找	xún zhǎo
尋找	xún zhǎo
非洲	fēi zhōu
和尚	hé shàng
不必	bù bì
兴趣	xīng qù
興趣	xīng qù
温度	wēn dù
溫度	wēn dù
团结	tuán jié
團結	tuán jié
轉移	zhuǎn yí
转移	zhuǎn yí
国民	guó mín
國民	guó mín
省長	shěng cháng
省长	shěng cháng
患者	huàn zhě
机器	jī qì
機器	jī qì
中共中央	zhōng gòng zhōng yāng
病人	bìng rén
宝玉	bǎo yù
寶玉	bǎo yù
威胁	wēi xié
威脅	wēi xié
而言	ér yán
两次	liǎng cì
兩次	liǎng cì
奇怪	qí guài
相反	xiāng fǎn
厘米	lí mǐ
釐米	lí mǐ
估計	gū jì
估计	gū jì
情緒	qíng xù
情绪	qíng xù
密切	mì qiē
出发	chū fā
出發	chū fā
招聘	zhāo pìn
一道	yī dào
大学生	dà xué shēng
大學生	dà xué shēng
传播	chuán bō
傳播	chuán bō
合理	hé lǐ
民間	mín jiān
民间	mín jiān
主人	zhǔ rén
点头	diǎn tóu
點頭	diǎn tóu
大約	dà yuē
大约	dà yuē
長江大橋	cháng jiāng dà qiáo
长江大桥	cháng jiāng dà qiáo
依据	yī jù
依據	yī jù
放心	fàng xīn
国外	guó wài
國外	guó wài
江夏区	jiāng xià qū
江夏區	jiāng xià qū
北方	běi fāng
厉害	lì hài
厲害	lì hài
本行政区域	běn háng zhèng qū yù
本行政區域	běn háng zhèng qū yù
改造	gǎi zào
明朝	míng zhāo
固定	gù dìng
太监	tài jiān
太監	tài jiān
停止	tíng zhǐ
移动	yí dòng
移動	yí dòng
一支	yī zhī
強大	qiáng dà
强大	qiáng dà
祕密	mì mì
秘密	mì mì
前提	qián tí
避免	bì miǎn
休息	xiū xī
街道	jiē dào
高校	gāo xiào
推荐	tuī jiàn
推薦	tuī jiàn
夏天	xià tiān
伊朗	yī lǎng
产值	chǎn zhí
產值	chǎn zhí
並非	bìng fēi
并非	bìng fēi
模式	mó shì
年齡	nián líng
年龄	nián líng
性能	xìng néng
演习	yǎn xí
演習	yǎn xí
感情	gǎn qíng
审判	shěn pàn
審判	shěn pàn
維持	wéi chí
维持	wéi chí
費用	fèi yòng
费用	fèi yòng
志愿	zhì yuàn
志願	zhì yuàn
太庙	tài miào
太廟	tài miào
客戶	kè hù
客户	kè hù
尚未	shàng wèi
已有	yǐ yǒu
极大	jí dà
極大	jí dà
适合	shì hé
適合	shì hé
王朝	wáng zhāo
一頁	yī yè
一页	yī yè
校長	xiào cháng
校长	xiào cháng
一口	yī kǒu
更新	gēng xīn
这儿	zhè ér
這兒	zhè ér
首次	shǒu cì
宫廷	gōng tíng
宮廷	gōng tíng
整体	zhěng tǐ
整體	zhěng tǐ
自治	zì zhì
四川	sì chuān
区别	qū bié
區別	qū bié
資產階級	zī chǎn jiē jí
资产阶级	zī chǎn jiē jí
及时	jí shí
及時	jí shí
地方性	dì fāng xìng
門外	mén wài
门外	mén wài
左手	zuǒ shǒu
風格	fēng gé
风格	fēng gé
巴黎	bā lí
江陵	jiāng líng
早期	zǎo qī
员工	yuán gōng
員工	yuán gōng
上升	shàng shēng
版本	bǎn běn
成熟	chéng shú
几句	jī jù
幾句	jī jù
南方	nán fāng
涉及	shè jí
两年	liǎng nián
兩年	liǎng nián
空气	kōng qì
空氣	kōng qì
国防	guó fáng
國防	guó fáng
旁边	páng biān
旁邊	páng biān
操作	cāo zuò
药物	yào wù
藥物	yào wù
近年來	jìn nián lái
近年来	jìn nián lái
負責人	fù zé rén
负责人	fù zé rén
方便	fāng biàn
全身	quán shēn
門口	mén kǒu
门口	mén kǒu
候选人	hòu xuǎn rén
候選人	hòu xuǎn rén
有点	yǒu diǎn
有點	yǒu diǎn
不在	bù zài
局面	jú miàn
銀子	yín zǐ
银子	yín zǐ
突破	tū pò
由此	yóu cǐ
建造	jiàn zào
各类	gè lèi
各類	gè lèi
士兵	shì bīng
一份	yī fèn
康熙	kāng xī
两位	liǎng wèi
兩位	liǎng wèi
轉化	zhuǎn huà
转化	zhuǎn huà
議會	yì huì
议会	yì huì
开发区	kāi fā qū
開發區	kāi fā qū
心情	xīn qíng
回头	huí tóu
回頭	huí tóu
帝国	dì guó
帝國	dì guó
十年	shí nián
县级	xiàn jí
縣級	xiàn jí
独特	dú tè
獨特	dú tè
湖南	hú nán
公斤	gōng jīn
依然	yī rán
微笑	wēi xiào
标志	biāo zhì
標誌	biāo zhì
棉花	mián huā
战士	zhàn shì
戰士	zhàn shì
十堰	shí yàn
大多数	dà duō shù
大多數	dà duō shù
規範	guī fàn
规范	guī fàn
平台	píng tái
平臺	píng tái
成就	chéng jiù
升級	shēng jí
升级	shēng jí
新型	xīn xíng
交换	jiāo huàn
交換	jiāo huàn
拒絕	jù jué
拒绝	jù jué
證券	zhèng quàn
证券	zhèng quàn
大人	dà rén
合同	hé tóng
直播	zhí bō
日期	rì qī
战场	zhàn cháng
戰場	zhàn cháng
高考	gāo kǎo
統治者	tǒng zhì zhě
统治者	tǒng zhì zhě
喝道	hē dào
崇祯	chóng zhēn
崇禎	chóng zhēn
股权	gǔ quán
股權	gǔ quán
渐渐	jiàn jiàn
漸漸	jiàn jiàn
军警	jūn jǐng
明清	míng qīng
軍警	jūn jǐng
一番	yī fān
废除	fèi chú
廢除	fèi chú
走向	zǒu xiàng
从来	cóng lái
從來	cóng lái
反而	fǎn ér
平时	píng shí
平時	píng shí
多个	duō gè
多個	duō gè
举办	jǔ bàn
舉辦	jǔ bàn
算是	suàn shì
简称	jiǎn chēng
簡稱	jiǎn chēng
装置	zhuāng zhì
裝置	zhuāng zhì
公主	gōng zhǔ
此次	cǐ cì
沿海	yán hǎi
痛苦	tòng kǔ
重庆	zhòng qìng
重慶	zhòng qìng
加速	jiā sù
不行	bù háng
主动	zhǔ dòng
主動	zhǔ dòng
损失	sǔn shī
損失	sǔn shī
轉變	zhuǎn biàn
转变	zhuǎn biàn
共产党	gòng chǎn dǎng
共產黨	gòng chǎn dǎng
市民	shì mín
之上	zhī shàng
平方公里	píng fāng gōng lǐ
劳动力	láo dòng lì
勞動力	láo dòng lì
发行	fā háng
接近	jiē jìn
發行	fā háng
備案	bèi àn
备案	bèi àn
重建	zhòng jiàn
一生	yī shēng
医疗	yī liáo
醫療	yī liáo
使得	shǐ dé
国有	guó yǒu
國有	guó yǒu
湖泊	hú bó
加快	jiā kuài
审查	shěn chá
審查	shěn chá
生存	shēng cún
評價	píng jià
评价	píng jià
規則	guī zé
规则	guī zé
記錄	jì lù
记录	jì lù
工厂	gōng chǎng
工廠	gōng chǎng
脸色	liǎn sè
臉色	liǎn sè
累計	léi jì
累计	léi jì
大大	dà dà
祖国	zǔ guó
祖國	zǔ guó
阳光	yáng guāng
陽光	yáng guāng
右手	yòu shǒu
时刻	shí kè
時刻	shí kè
著作	zhù zuò
客人	kè rén
以外	yǐ wài
医学	yī xué
給予	gěi yú
给予	gěi yú
醫學	yī xué
原始	yuán shǐ
学科	xué kē
學科	xué kē
典型	diǎn xíng
仪式	yí shì
儀式	yí shì
电脑	diàn nǎo
電腦	diàn nǎo
上去	shàng qù
医药	yī yào
满意	mǎn yì
滿意	mǎn yì
醫藥	yī yào
到处	dào chǔ
到處	dào chǔ
做法	zuò fǎ
立场	lì cháng
立場	lì cháng
害怕	hài pà
进口	jìn kǒu
進口	jìn kǒu
补充	bǔ chōng
補充	bǔ chōng
运行	yùn háng
運行	yùn háng
北京市	běi jīng shì
地址	dì zhǐ
支付	zhī fù
資格	zī gé
资格	zī gé
优良	yōu liáng
優良	yōu liáng
日军	rì jūn
日軍	rì jūn
韓國	hán guó
韩国	hán guó
国家级	guó jiā jí
國家級	guó jiā jí
博士	bó shì
传说	chuán shuō
傳說	chuán shuō
少数民族	shǎo shù mín zú
少數民族	shǎo shù mín zú
居住	jū zhù
採訪	cǎi fǎng
采访	cǎi fǎng
目光	mù guāng
食物	shí wù
动力	dòng lì
動力	dòng lì
佔領	zhàn lǐng
占领	zhān lǐng
另一方面	lìng yī fāng miàn
防止	fáng zhǐ
太太	tài tài
土壤	tǔ rǎng
异常	yì cháng
異常	yì cháng
依照	yī zhào
作家	zuò jiā
民族乡	mín zú xiāng
民族鄉	mín zú xiāng
行情	háng qíng
恐怕	kǒng pà
某种	mǒu zhǒng
某種	mǒu zhǒng
人馬	rén mǎ
人马	rén mǎ
接触	jiē chù
接觸	jiē chù
总结	zǒng jié
總結	zǒng jié
有着	yǒu zhuó
动作	dòng zuò
動作	dòng zuò
种种	zhǒng zhǒng
種種	zhǒng zhǒng
幸福	xìng fú
背景	bèi jǐng
原种	yuán zhǒng
原種	yuán zhǒng
江苏	jiāng sū
江蘇	jiāng sū
死亡	sǐ wáng
理由	lǐ yóu
部署	bù shǔ
集体	jí tǐ
集體	jí tǐ
大概	dà gài
同一	tóng yī
毕业生	bì yè shēng
畢業生	bì yè shēng
至今	zhì jīn
年紀	nián jì
年纪	nián jì
人体	rén tǐ
人體	rén tǐ
武当山	wǔ dāng shān
武當山	wǔ dāng shān
国王	guó wáng
國王	guó wáng
年度	nián dù
觀察	guān chá
观察	guān chá
吸引	xī yǐn
所說	suǒ shuō
所说	suǒ shuō
做出	zuò chū
手术	shǒu shù
手術	shǒu shù
案件	àn jiàn
道理	dào lǐ
全年	quán nián
初步	chū bù
解放军	jiě fàng jūn
解放軍	jiě fàng jūn
最佳	zuì jiā
小学	xiǎo xué
小學	xiǎo xué
总人口	zǒng rén kǒu
相似	xiāng sì
總人口	zǒng rén kǒu
大桥	dà qiáo
大橋	dà qiáo
极为	jí wéi
極爲	jí wéi
仅仅	jǐn jǐn
僅僅	jǐn jǐn
可惜	kě xī
总额	zǒng é
總額	zǒng é
男子	nán zǐ
博物館	bó wù guǎn
博物馆	bó wù guǎn
签订	qiān dìng
簽訂	qiān dìng
不由得	bù yóu dé
此刻	cǐ kè
很少	hěn shǎo
原理	yuán lǐ
点亮	diǎn liàng
點亮	diǎn liàng
引用	yǐn yòng
明天	míng tiān
高原	gāo yuán
大門	dà mén
大门	dà mén
关心	guān xīn
關心	guān xīn
等于	děng yú
等於	děng yú
邀請	yāo qǐng
邀请	yāo qǐng
轉身	zhuǎn shēn
转身	zhuǎn shēn
授予	shòu yú
陆军	lù jūn
陸軍	lù jūn
两者	liǎng zhě
兩者	liǎng zhě
水产	shuǐ chǎn
水產	shuǐ chǎn
一大	yī dà
允許	yǔn xū
允许	yǔn xǔ
角度	jiǎo dù
大多	dà duō
早就	zǎo jiù
上級	shàng jí
上级	shàng jí
資產	zī chǎn
资产	zī chǎn
赶快	gǎn kuài
趕快	gǎn kuài
道德	dào dé
黃河	huáng hé
黄河	huáng hé
剩下	shèng xià
眼見	yǎn jiàn
眼见	yǎn jiàn
改进	gǎi jìn
改進	gǎi jìn
說法	shuō fǎ
说法	shuō fǎ
春秋	chūn qiū
电力	diàn lì
電力	diàn lì
亿美元	yì měi yuán
億美元	yì měi yuán
值得	zhí dé
海上	hǎi shàng
真实	zhēn shí
真實	zhēn shí
职能	zhí néng
職能	zhí néng
改称	gǎi chēng
改稱	gǎi chēng
吩咐	fēn fù
学术	xué shù
學術	xué shù
品牌	pǐn pái
交給	jiāo gěi
交给	jiāo gěi
科研	kē yán
低声	dī shēng
低聲	dī shēng
分类	fēn lèi
分類	fēn lèi
季節	jì jié
季节	jì jié
一会儿	yī huì ér
一會兒	yī huì ér
上市	shàng shì
系列	xì liè
回家	huí jiā
日益	rì yì
色彩	sè cǎi
房子	fáng zǐ
河北	hé běi
微微	wēi wēi
設有	shè yǒu
设有	shè yǒu
放弃	fàng qì
放棄	fàng qì
之所以	zhī suǒ yǐ
一会	yī huì
一會	yī huì
冠军	guān jūn
冠軍	guān jūn
居然	jū rán
此事	cǐ shì
万亩	wàn mǔ
萬畝	wàn mǔ
选民	xuǎn mín
選民	xuǎn mín
坚决	jiān jué
堅決	jiān jué
研究所	yán jiū suǒ
远远	yuǎn yuǎn
遠遠	yuǎn yuǎn
同年	tóng nián
打算	dǎ suàn
登时	dēng shí
登時	dēng shí
依靠	yī kào
皇后	huáng hòu
协会	xié huì
協會	xié huì
这场	zhè cháng
這場	zhè cháng
适用	shì yòng
適用	shì yòng
談判	tán pàn
谈判	tán pàn
消費者	xiāo fèi zhě
消费者	xiāo fèi zhě
云南	yún nán
雲南	yún nán
队员	duì yuán
隊員	duì yuán
中共	zhōng gòng
太子	tài zǐ
通知	tōng zhī
当即	dāng jí
當即	dāng jí
个别	gè bié
個別	gè bié
仿佛	fǎng fó
彷彿	páng fù
仙桃	xiān táo
命运	mìng yùn
命運	mìng yùn
小組	xiǎo zǔ
小组	xiǎo zǔ
基金	jī jīn
永乐	yǒng lè
永樂	yǒng lè
到达	dào dá
到達	dào dá
顏色	yán sè
颜色	yán sè
不得不	bù dé bù
头发	tóu fā
頭髮	tóu fà
三峡	sān xiá
三峽	sān xiá
投降	tóu jiàng
第四	dì sì
分享	fēn xiǎng
陕西	shǎn xī
陝西	shǎn xī
十堰市	shí yàn shì
上午	shàng wǔ
表演	biǎo yǎn
訪問	fǎng wèn
访问	fǎng wèn
黃金	huáng jīn
黄金	huáng jīn
地图	dì tú
地圖	dì tú
而已	ér yǐ
种植	zhǒng zhí
種植	zhǒng zhí
建国	jiàn guó
建國	jiàn guó
一股	yī gǔ
动手	dòng shǒu
動手	dòng shǒu
吃飯	chī fàn
吃饭	chī fàn
荆州市	jīng zhōu shì
荊州市	jīng zhōu shì
华北	huá běi
有利于	yǒu lì yú
有利於	yǒu lì yú
華北	huá běi
保存	bǎo cún
走出	zǒu chū
罗马	luó mǎ
羅馬	luó mǎ
周恩來	zhōu ēn lái
周恩来	zhōu ēn lái
消失	xiāo shī
抗战	kàng zhàn
抗戰	kàng zhàn
網頁	wǎng yè
网页	wǎng yè
再說	zài shuō
再说	zài shuō
追求	zhuī qiú
大哥	dà gē
露出	lòu chū
卫星	wèi xīng
衛星	wèi xīng
动态	dòng tài
動態	dòng tài
熟悉	shú xī
取消	qǔ xiāo
人均	rén jūn
今后	jīn hòu
今後	jīn hòu
流行	liú háng
取出	qǔ chū
合法	hé fǎ
趋势	qū shì
趨勢	qū shì
地势	dì shì
地勢	dì shì
本次	běn cì
用來	yòng lái
用来	yòng lái
美丽	měi lì
美麗	měi lí
过渡	guò dù
過渡	guò dù
第二次	dì èr cì
深刻	shēn kè
向前	xiàng qián
繁殖	fán zhí
風味	fēng wèi
风味	fēng wèi
浙江	zhè jiāng
奶奶	nǎi nǎi
地質	dì zhì
地质	dì zhì
每次	měi cì
这般	zhè bān
這般	zhè bān
小子	xiǎo zǐ
犯罪	fàn zuì
午門	wǔ mén
午门	wǔ mén
老婆	lǎo pó
表达	biǎo dá
表達	biǎo dá
家長	jiā cháng
家长	jiā cháng
等待	děng dài
通信	tōng xìn
仔細	zī xì
仔细	zī xì
最初	zuì chū
遗产	yí chǎn
遺產	yí chǎn
老百姓	lǎo bǎi xìng
八年	bā nián
头上	tóu shàng
頭上	tóu shàng
魚類	yú lèi
鱼类	yú lèi
要是	yào shì
听取	tīng qǔ
聽取	tīng qǔ
一部	yī bù
風景	fēng jǐng
风景	fēng jǐng
将领	jiāng lǐng
將領	jiāng lǐng
联合国	lián hé guó
聯合國	lián hé guó
衙門	yá mén
衙门	yá mén
批評	pī píng
批评	pī píng
侵略	qīn lüè
人民币	rén mín bì
人民幣	rén mín bì
結婚	jié hūn
结婚	jié hūn
正义	zhèng yì
正義	zhèng yì
所在地	suǒ zài dì
社稷	shè jì
后者	hòu zhě
後者	hòu zhě
門前	mén qián
门前	mén qián
前进	qián jìn
前進	qián jìn
提名	tí míng
决策	jué cè
決策	jué cè
爹爹	diē diē
初期	chū qī
官兵	guān bīng
順利	shùn lì
顺利	shùn lì
一方面	yī fāng miàn
最为	zuì wéi
最爲	zuì wéi
公众	gōng zhòng
公衆	gōng zhòng
袁承志	yuán chéng zhì
首頁	shǒu yè
首页	shǒu yè
高速公路	gāo sù gōng lù
包含	bāo hán
演员	yǎn yuán
演員	yǎn yuán
礼部	lǐ bù
禮部	lǐ bù
秩序	zhì xù
自动	zì dòng
自動	zì dòng
根据地	gēn jù dì
根據地	gēn jù dì
称号	chēng hào
稱號	chēng hào
雷达	léi dá
雷達	léi dá
广告	guǎng gào
廣告	guǎng gào
含量	hán liáng
編制	biān zhì
编制	biān zhì
客觀	kè guān
客观	kè guān
股票	gǔ piào
更为	gēng wéi
更爲	gēng wéi
貫徹	guàn chè
贯彻	guàn chè
一路	yī lù
只得	zhī dé
合併	hé bìng
合并	hé bìng
祕書	mì shū
秘书	mì shū
当选	dāng xuǎn
當選	dāng xuǎn
前來	qián lái
前来	qián lái
游戏	yóu xì
遊戲	yóu xì
注重	zhù zhòng
两岸	liǎng àn
兩岸	liǎng àn
議案	yì àn
议案	yì àn
激烈	jī liè
一类	yī lèi
一類	yī lèi
太后	tài hòu
港口	gǎng kǒu
主意	zhǔ yì
多么	duō mó
多麼	duō mó
文艺	wén yì
文藝	wén yì
据说	jù shuō
據說	jù shuō
模型	mó xíng
埃及	āi jí
西班牙	xī bān yá
銀魚	yín yú
银鱼	yín yú
主管	zhǔ guǎn
潛艇	qián tǐng
潜艇	qián tǐng
药品	yào pǐn
藥品	yào pǐn
反复	fǎn fù
反覆	fǎn fù
或是	huò shì
航線	háng xiàn
航线	háng xiàn
大军	dà jūn
大軍	dà jūn
榮譽	róng yù
荣誉	róng yù
觀衆	guān zhòng
观众	guān zhòng
一項	yī xiàng
一项	yī xiàng
无人	wú rén
無人	wú rén
刺激	cì jī
未必	wèi bì
前后	qián hòu
前後	qián hòu
自然保护区	zì rán bǎo hù qū
自然保護區	zì rán bǎo hù qū
黃岡	huáng gāng
黄冈	huáng gāng
申請	shēn qǐng
申请	shēn qǐng
搖頭	yáo tóu
摇头	yáo tóu
宋江	sòng jiāng
最新	zuì xīn
宜昌市	yí chāng shì
含有	hán yǒu
大师	dà shī
大師	dà shī
笔架	bǐ jià
筆架	bǐ jià
本科	běn kē
主体	zhǔ tǐ
主體	zhǔ tǐ
綠色	lǜ sè
绿色	lǜ sè
哪些	nǎ xiē
得名	dé míng
忍不住	rěn bù zhù
一套	yī tào
防御	fáng yù
防禦	fáng yù
气温	qì wēn
氣溫	qì wēn
不用	bù yòng
商人	shāng rén
有限	yǒu xiàn
中原	zhōng yuán
流域	liú yù
大清	dà qīng
紅軍	hóng jūn
红军	hóng jūn
热情	rè qíng
熱情	rè qíng
将来	jiāng lái
將來	jiāng lái
自我	zì wǒ
人工	rén gōng
蒋介石	jiǎng jiè shí
蔣介石	jiǎng jiè shí
山区	shān qū
山區	shān qū
各部	gè bù
味道	wèi dào
想着	xiǎng zhuó
杭州	háng zhōu
制成	zhì chéng
製成	zhì chéng
推广	tuī guǎng
推廣	tuī guǎng
深圳	shēn zhèn
片刻	piàn kè
立法	lì fǎ
途径	tú jìng
途徑	tú jìng
公安	gōng ān
所在	suǒ zài
好吃	hǎo chī
次数	cì shù
次數	cì shù
省內	shěng nèi
省内	shěng nèi
詩人	shī rén
诗人	shī rén
享受	xiǎng shòu
积累	jī léi
積累	jī léi
科学家	kē xué jiā
科學家	kē xué jiā
流动	liú dòng
流動	liú dòng
四周	sì zhōu
战役	zhàn yì
戰役	zhàn yì
授权	shòu quán
授權	shòu quán
沒想到	méi xiǎng dào
没想到	méi xiǎng dào
一招	yī zhāo
一根	yī gēn
其次	qí cì
成都	chéng dū
一齊	yī qí
一齐	yī qí
預計	yù jì
预计	yù jì
享有	xiǎng yǒu
地处	dì chǔ
地處	dì chǔ
治理	zhì lǐ
課程	kè chéng
课程	kè chéng
暂时	zàn shí
暫時	zàn shí
皮肤	pí fū
皮膚	pí fū
一层	yī céng
一層	yī céng
經理	jīng lǐ
经理	jīng lǐ
馬克思主義	mǎ kè sī zhǔ yì
马克思主义	mǎ kè sī zhǔ yì
发明	fā míng
發明	fā míng
白色	bái sè
战术	zhàn shù
戰術	zhàn shù
事实上	shì shí shàng
事實上	shì shí shàng
县长	xiàn cháng
縣長	xiàn cháng
執政	zhí zhèng
执政	zhí zhèng
对付	duì fù
對付	duì fù
江湖	jiāng hú
君主	jūn zhǔ
出于	chū yú
出於	chū yú
姐姐	jiě jiě
走进	zǒu jìn
走進	zǒu jìn
万公顷	wàn gōng qǐng
萬公頃	wàn gōng qǐng
內閣	nèi gé
内阁	nèi gé
出身	chū shēn
党中央	dǎng zhōng yāng
冲突	chōng tū
排列	pái liè
衝突	chōng tū
黨中央	dǎng zhōng yāng
战国	zhàn guó
戰國	zhàn guó
騎兵	qí bīng
骑兵	qí bīng
夫妇	fū fù
夫婦	fū fù
军人	jūn rén
軍人	jūn rén
少女	shǎo nǚ
袁世凯	yuán shì kǎi
袁世凱	yuán shì kǎi
全世界	quán shì jiè
太平洋	tài píng yáng
显著	xiǎn zhù
顯著	xiǎn zhù
之际	zhī jì
之際	zhī jì
報紙	bào zhǐ
投訴	tóu sù
投诉	tóu sù
报纸	bào zhǐ
婚姻	hūn yīn
校园	xiào yuán
校園	xiào yuán
人人	rén rén
落后	là hòu
落後	là hòu
基本上	jī běn shàng
物理	wù lǐ
黃石	huáng shí
黄石	huáng shí
就算	jiù suàn
長沙	cháng shā
长沙	cháng shā
商量	shāng liáng
路上	lù shàng
只怕	zhī pà
不許	bù xū
不许	bù xǔ
激动	jī dòng
激動	jī dòng
大街	dà jiē
山西	shān xī
古老	gǔ lǎo
政协	zhèng xié
政協	zhèng xié
讀者	dú zhě
读者	dú zhě
企图	qǐ tú
企圖	qǐ tú
工艺	gōng yì
工藝	gōng yì
污染	wū rǎn
能量	néng liáng
身份	shēn fèn
声明	shēng míng
聲明	shēng míng
做到	zuò dào
协定	xié dìng
協定	xié dìng
大典	dà diǎn
紀念	jì niàn
纪念	jì niàn
这话	zhè huà
這話	zhè huà
总面积	zǒng miàn jī
现有	xiàn yǒu
現有	xiàn yǒu
總面積	zǒng miàn jī
养殖	yǎng zhí
養殖	yǎng zhí
主題	zhǔ tí
主题	zhǔ tí
新疆	xīn jiāng
海外	hǎi wài
伊拉克	yī lā kè
简介	jiǎn jiè
簡介	jiǎn jiè
扩展	kuò zhǎn
擴展	kuò zhǎn
准确	zhǔn què
準確	zhǔn què
到來	dào lái
到来	dào lái
汉白玉	hàn bái yù
漢白玉	hàn bái yù
盆地	pén dì
地震	dì zhèn
正好	zhèng hǎo
降水量	jiàng shuǐ liáng
天气	tiān qì
天氣	tiān qì
四年	sì nián
联盟	lián méng
聯盟	lián méng
一度	yī dù
探索	tàn suǒ
富有	fù yǒu
不够	bù gòu
不夠	bù gòu
函数	hán shù
函數	hán shù
主力	zhǔ lì
即将	jí jiāng
即將	jí jiāng
图案	tú àn
圖案	tú àn
胡秉宸	hú bǐng chén
万岁	wàn suì
萬歲	wàn suì
面試	miàn shì
面试	miàn shì
中华民族	zhōng huá mín zú
中華民族	zhōng huá mín zú
好好	hǎo hǎo
学会	xué huì
學會	xué huì
保险	bǎo xiǎn
保險	bǎo xiǎn
学位	xué wèi
學位	xué wèi
指示	zhǐ shì
王国	wáng guó
王國	wáng guó
信心	xìn xīn
储量	chǔ liáng
儲量	chǔ liáng
眼泪	yǎn lèi
眼淚	yǎn lèi
要素	yào sù
俄国	é guó
俄國	é guó
調節	diào jié
调节	tiáo jié
情形	qíng xíng
感受	gǎn shòu
气氛	qì fēn
氣氛	qì fēn
呼吸	hū xī
半天	bàn tiān
李鴻章	lǐ hóng zhāng
李鸿章	lǐ hóng zhāng
修建	xiū jiàn
供应	gōng yīng
供應	gōng yīng
挑战	tiāo zhàn
挑戰	tiāo zhàn
建有	jiàn yǒu
鋼鐵	gāng tiě
钢铁	gāng tiě
气体	qì tǐ
氣體	qì tǐ
組合	zǔ hé
组合	zǔ hé
愛情	ài qíng
爱情	ài qíng
自主	zì zhǔ
丝毫	sī háo
絲毫	sī háo
赶紧	gǎn jǐn
趕緊	gǎn jǐn
地带	dì dài
地帶	dì dài
抵触	dǐ chù
抵觸	dǐ chù
提醒	tí xǐng
紧急	jǐn jí
緊急	jǐn jí
透露	tòu lòu
参考	cān kǎo
參考	cān kǎo
西藏	xī cáng
佛教	fó jiào
江西	jiāng xī
洞庭湖	dòng tíng hú
坐下	zuò xià
测量	cè liáng
測量	cè liáng
进程	jìn chéng
進程	jìn chéng
延伸	yán shēn
文化大革命	wén huà dà gé mìng
十五	shí wǔ
发动机	fā dòng jī
热带	rè dài
熱帶	rè dài
發動機	fā dòng jī
禁止	jīn zhǐ
繼承	jì chéng
继承	jì chéng
有力	yǒu lì
第二天	dì èr tiān
領袖	lǐng xiù
领袖	lǐng xiù
西安	xī ān
兴奋	xīng fèn
循环	xún huán
循環	xún huán
興奮	xīng fèn
資本家	zī běn jiā
资本家	zī běn jiā
武昌区	wǔ chāng qū
武昌區	wǔ chāng qū
事項	shì xiàng
事项	shì xiàng
沟通	gōu tōng
溝通	gōu tōng
近代	jìn dài
初中	chū zhōng
表决	biǎo jué
表決	biǎo jué
友好	yǒu hǎo
可見	kě jiàn
可见	kě jiàn
两只	liǎng zhī
兩隻	liǎng zhī
做好	zuò hǎo
希腊	xī là
希臘	xī là
总数	zǒng shù
總數	zǒng shù
足够	zú gòu
足夠	zú gòu
男性	nán xìng
常見	cháng jiàn
常见	cháng jiàn
形态	xíng tài
形態	xíng tài
想法	xiǎng fǎ
后期	hòu qī
後期	hòu qī
大叫	dà jiào
无不	wú bù
無不	wú bù
講話	jiǎng huà
讲话	jiǎng huà
连接	lián jiē
連接	lián jiē
收費	shōu fèi
收费	shōu fèi
提到	tí dào
差不多	chà bù duō
截止	jié zhǐ
症状	zhèng zhuàng
症狀	zhèng zhuàng
吳三桂	wú sān guì
吴三桂	wú sān guì
記得	jì dé
记得	jì dé
检察	jiǎn chá
檢察	jiǎn chá
东京	dōng jīng
東京	dōng jīng
頒佈	bān bù
颁布	bān bù
高新技术	gāo xīn jì shù
高新技術	gāo xīn jì shù
几次	jī cì
幾次	jī cì
詳細	xiáng xì
详细	xiáng xì
前往	qián wǎng
返回	fǎn huí
司法	sī fǎ
大力	dà lì
优质	yōu zhì
優質	yōu zhì
开国	kāi guó
怀疑	huái yí
懷疑	huái yí
战斗机	zhàn dǒu jī
戰鬥機	zhàn dòu jī
開國	kāi guó
酒店	jiǔ diàn
与其	yǔ qí
與其	yǔ qí
性格	xìng gé
影片	yǐng piàn
不如	bù rú
大批	dà pī
快乐	kuài lè
快樂	kuài lè
手指	shǒu zhǐ
司令	sī líng
总量	zǒng liáng
提升	tí shēng
總量	zǒng liáng
码头	mǎ tóu
碼頭	mǎ tóu
总体	zǒng tǐ
构造	gòu zào
構造	gòu zào
總體	zǒng tǐ
最高人民法院	zuì gāo rén mín fǎ yuàn
场所	cháng suǒ
場所	cháng suǒ
網上	wǎng shàng
网上	wǎng shàng
朱元璋	zhū yuán zhāng
一回	yī huí
看法	kàn fǎ
房間	fáng jiān
房间	fáng jiān
不讓	bù ràng
不让	bù ràng
說完	shuō wán
说完	shuō wán
毫无	háo wú
毫無	háo wú
順治	shùn zhì
顺治	shùn zhì
黑暗	hēi àn
职位	zhí wèi
職位	zhí wèi
丘陵	qiū líng
自从	zì cóng
自從	zì cóng
随时	suí shí
隨時	suí shí
之类	zhī lèi
之類	zhī lèi
临床	lín chuáng
臨牀	lín chuáng
之內	zhī nèi
之内	zhī nèi
正門	zhèng mén
正门	zhèng mén
政党	zhèng dǎng
政黨	zhèng dǎng
任职	rèn zhí
任職	rèn zhí
指标	zhǐ biāo
指標	zhǐ biāo
留在	liú zài
悠久	yōu jiǔ
更好	gēng hǎo
董事会	dǒng shì huì
董事會	dǒng shì huì
市区	shì qū
市區	shì qū
县市	xiàn shì
縣市	xiàn shì
爸爸	bà bà
兵力	bīng lì
总产值	zǒng chǎn zhí
總產值	zǒng chǎn zhí
輻射	fú shè
辐射	fú shè
杂志	zá zhì
雜誌	zá zhì
确立	què lì
確立	què lì
光緒	guāng xù
光绪	guāng xù
总督	zǒng dū
總督	zǒng dū
中华	zhōng huá
中華	zhōng huá
保留	bǎo liú
测试	cè shì
測試	cè shì
效率	xiào shuài
相繼	xiāng jì
相继	xiāng jì
私人	sī rén
变革	biàn gé
小心	xiǎo xīn
局部	jú bù
變革	biàn gé
沉重	chén zhòng
景点	jǐng diǎn
景點	jǐng diǎn
談話	tán huà
谈话	tán huà
乾隆	qián lóng
木材	mù cái
中央人民政府	zhōng yāng rén mín zhèng fǔ
所属	suǒ shǔ
所屬	suǒ shǔ
当前	dāng qián
當前	dāng qián
予以	yú yǐ
最低	zuì dī
合适	hé shì
合適	hé shì
当真	dāng zhēn
當真	dāng zhēn
此人	cǐ rén
鎮壓	zhèn yā
镇压	zhèn yā
灵魂	líng hún
靈魂	lìng hún
扩张	kuò zhāng
擴張	kuò zhāng
分裂	fēn liè
选手	xuǎn shǒu
選手	xuǎn shǒu
两天	liǎng tiān
兩天	liǎng tiān
主义	zhǔ yì
主義	zhǔ yì
生气	shēng qì
生氣	shēng qì
江泽民	jiāng zé mín
江澤民	jiāng zé mín
将士	jiāng shì
將士	jiāng shì
出售	chū shòu
結論	jié lùn
结论	jié lùn
密度	mì dù
忘記	wàng jì
忘记	wàng jì
曹操	cáo cāo
軌道	guǐ dào
轨道	guǐ dào
一对	yī duì
一對	yī duì
无数	wú shù
無數	wú shù
个体	gè tǐ
個體	gè tǐ
李高成	lǐ gāo chéng
姑姑	gū gū
决心	jué xīn
決心	jué xīn
高手	gāo shǒu
草原	cǎo yuán
出入	chū rù
信号	xìn hào
信號	xìn hào
受伤	shòu shāng
受傷	shòu shāng
无产阶级	wú chǎn jiē jí
無產階級	wú chǎn jiē jí
品德	pǐn dé
教主	jiào zhǔ
一遍	yī biàn
伸出	shēn chū
老爷	lǎo yé
老爺	lǎo yé
上涨	shàng zhǎng
上漲	shàng zhǎng
共和国	gòng hé guó
共和國	gòng hé guó
像是	xiàng shì
迎接	yíng jiē
尊重	zūn zhòng
安装	ān zhuāng
安裝	ān zhuāng
腐敗	fǔ bài
腐败	fǔ bài
引进	yǐn jìn
引進	yǐn jìn
不論	bù lùn
不论	bù lùn
把握	bǎ wò
鼓励	gǔ lì
鼓勵	gǔ lì
人羣	rén qún
人群	rén qún
搜索	sōu suǒ
最高人民检察院	zuì gāo rén mín jiǎn chá yuàn
最高人民檢察院	zuì gāo rén mín jiǎn chá yuàn
随州	suí zhōu
隨州	suí zhōu
专题	zhuān tí
專題	zhuān tí
差別	chà bié
差别	chà bié
外資	wài zī
外资	wài zī
千万	qiān wàn
千萬	qiān wàn
有沒有	yǒu méi yǒu
有没有	yǒu méi yǒu
依法	yī fǎ
地点	dì diǎn
地點	dì diǎn
命名	mìng míng
国家机关	guó jiā jī guān
國家機關	guó jiā jī guān
简直	jiǎn zhí
簡直	jiǎn zhí
始建	shǐ jiàn
何况	hé kuàng
何況	hé kuàng
慈禧	cí xǐ
有机	yǒu jī
有機	yǒu jī
較爲	jiào wéi
较为	jiào wéi
被迫	bèi pò
讀書	dú shū
读书	dú shū
各省	gè shěng
行政区	háng zhèng qū
行政區	háng zhèng qū
倾向	qīng xiàng
傾向	qīng xiàng
領土	lǐng tǔ
领土	lǐng tǔ
有权	yǒu quán
有權	yǒu quán
英文	yīng wén
战胜	zhàn shèng
戰勝	zhàn shèng
頻率	bīn shuài
频率	pín shuài
佈局	bù jú
布局	bù jú
病毒	bìng dú
传来	chuán lái
傳來	chuán lái
生成	shēng chéng
黑色	hēi sè
一处	yī chǔ
一處	yī chǔ
言語	yán yǔ
言语	yán yǔ
輸出	shū chū
输出	shū chū
军阀	jūn fá
軍閥	jūn fá
一下子	yī xià zǐ
荷兰	hé lán
荷蘭	hé lán
怎么样	zěn mó yàng
怎麼樣	zěn mó yàng
黃石市	huáng shí shì
黄石市	huáng shí shì
洛阳	luò yáng
洛陽	luò yáng
想象	xiǎng xiàng
二年	èr nián
在內	zài nèi
在内	zài nèi
就要	jiù yào
特产	tè chǎn
特產	tè chǎn
陛下	bì xià
周期	zhōu qī
自行	zì háng
週期	zhōu qī
科学技术	kē xué jì shù
科學技術	kē xué jì shù
军官	jūn guān
軍官	jūn guān
实验室	shí yàn shì
實驗室	shí yàn shì
岗位	gǎng wèi
崗位	gǎng wèi
城乡	chéng xiāng
城鄉	chéng xiāng
办事	bàn shì
辦事	bàn shì
沉默	chén mò
退出	tuì chū
宇宙	yǔ zhòu
法院	fǎ yuàn
当中	dāng zhōng
指数	zhǐ shù
指數	zhǐ shù
當中	dāng zhōng
分离	fēn lí
分離	fēn lí
詔書	zhào shū
诏书	zhào shū
单独	dān dú
單獨	dān dú
剩余价值	shèng yú jià zhí
剩餘價值	shèng yú jià zhí
原子	yuán zǐ
如同	rú tóng
工作人员	gōng zuò rén yuán
工作人員	gōng zuò rén yuán
消除	xiāo chú
馬上	mǎ shàng
马上	mǎ shàng
照片	zhào piàn
意味着	yì wèi zhuó
一頓	yī dùn
一顿	yī dùn
接待	jiē dài
鄂西	è xī
竟是	jìng shì
組成部分	zǔ chéng bù fēn
组成部分	zǔ chéng bù fēn
胸口	xiōng kǒu
民政	mín zhèng
牺牲	xī shēng
犧牲	xī shēng
选出	xuǎn chū
選出	xuǎn chū
婆婆	pó pó
文库	wén kù
文庫	wén kù
流通股	liú tōng gǔ
身后	shēn hòu
身後	shēn hòu
佈置	bù zhì
布置	bù zhì
一身	yī shēn
有利	yǒu lì
嘉靖	jiā jìng
他人	tā rén
描述	miáo shù
与此同时	yǔ cǐ tóng shí
與此同時	yǔ cǐ tóng shí
混合	hùn hé
原有	yuán yǒu
頓時	dùn shí
顿时	dùn shí
感染	gǎn rǎn
障碍	zhàng ài
障礙	zhàng ài
桌上	zhuō shàng
一日	yī rì
神色	shén sè
签署	qiān shǔ
簽署	qiān shǔ
基督教	jī dū jiào
收拾	shōu shí
大厅	dà tīng
大廳	dà tīng
佔有	zhàn yǒu
加大	jiā dà
占有	zhān yǒu
故意	gù yì
下岗	xià gǎng
下崗	xià gǎng
唐代	táng dài
院子	yuàn zǐ
亚热带	yà rè dài
亞熱帶	yā rè dài
合成	hé chéng
脑袋	nǎo dài
腦袋	nǎo dài
城裏	chéng lǐ
城里	chéng lǐ
代替	dài tì
五一	wǔ yī
历代	lì dài
歷代	lì dài
两条	liǎng tiáo
兩條	liǎng tiáo
般的	bān de
常用	cháng yòng
正阳门	zhèng yáng mén
正陽門	zhèng yáng mén
不見	bù jiàn
不见	bù jiàn
排名	pái míng
目录	mù lù
目錄	mù lù
示威	shì wēi
詢問	xún wèn
询问	xún wèn
伦敦	lún dūn
倫敦	lún dūn
長老	cháng lǎo
长老	cháng lǎo
同事	tóng shì
哪儿	nǎ ér
哪兒	nǎ ér
住房	zhù fáng
球队	qiú duì
球隊	qiú duì
分成	fēn chéng
半个	bàn gè
半個	bàn gè
反抗	fǎn kàng
反动	fǎn dòng
反動	fǎn dòng
旅行社	lǚ háng shè
能源	néng yuán
轉過	zhuǎn guò
转过	zhuǎn guò
批判	pī pàn
昨日	zuó rì
冷笑	lěng xiào
得以	dé yǐ
思維	sī wéi
思维	sī wéi
好处	hǎo chǔ
好處	hǎo chǔ
那天	nà tiān
落实	là shí
落實	là shí
为何	wéi hé
爲何	wéi hé
思考	sī kǎo
攻关	gōng guān
攻關	gōng guān
夫妻	fū qī
遭受	zāo shòu
教訓	jiào xùn
教训	jiào xùn
适宜	shì yí
適宜	shì yí
大夫	dà fū
展示	zhǎn shì
武林	wǔ lín
門戶	mén hù
门户	mén hù
三分	sān fēn
投資者	tóu zī zhě
投资者	tóu zī zhě
千步	qiān bù
意外	yì wài
愤怒	fèn nù
憤怒	fèn nù
差异	chà yì
差異	chà yì
深处	shēn chǔ
深處	shēn chǔ
起身	qǐ shēn
城鎮	chéng zhèn
城镇	chéng zhèn
当局	dāng jú
當局	dāng jú
沙漠	shā mò
指着	zhǐ zhuó
提前	tí qián
郧阳	yún yáng
鄖陽	yún yáng
紧紧	jǐn jǐn
緊緊	jǐn jǐn
青岛	qīng dǎo
青島	qīng dǎo
消滅	xiāo miè
消灭	xiāo miè
見面	jiàn miàn
见面	jiàn miàn
評論	píng lùn
评论	píng lùn
效益	xiào yì
節目	jié mù
节目	jié mù
賦予	fù yú
赋予	fù yú
懂得	dǒng dé
水中	shuǐ zhōng
只不过	zhī bù guò
只不過	zhī bù guò
物資	wù zī
物资	wù zī
正当	zhèng dāng
正當	zhèng dāng
內地	nèi dì
内地	nèi dì
宫女	gōng nǚ
宮女	gōng nǚ
儘量	jǐn liáng
尽量	jìn liáng
福建	fú jiàn
戏剧	xì jù
戲劇	xì jù
轉向	zhuǎn xiàng
转向	zhuǎn xiàng
一門	yī mén
一门	yī mén
土司	tǔ sī
孙中山	sūn zhōng shān
孫中山	sūn zhōng shān
策略	cè lüè
中期	zhōng qī
体内	tǐ nèi
體內	tǐ nèi
以便	yǐ biàn
反正	fǎn zhèng
彼此	bǐ cǐ
急忙	jí máng
夺取	duó qǔ
奪取	duó qǔ
普查	pǔ chá
江汉平原	jiāng hàn píng yuán
江漢平原	jiāng hàn píng yuán
引导	yǐn dǎo
引導	yǐn dǎo
创办	chuàng bàn
創辦	chuàng bàn
尸体	shī tǐ
屍體	shī tǐ
麋鹿	mí lù
局長	jú cháng
局长	jú cháng
照顧	zhào gù
照顾	zhào gù
暗暗	àn àn
模样	mó yàng
模樣	mó yàng
口味	kǒu wèi
城門	chéng mén
城门	chéng mén
如下	rú xià
抗日战争	kàng rì zhàn zhēng
抗日戰爭	kàng rì zhàn zhēng
无疑	wú yí
無疑	wú yí
陆续	lù xù
陸續	lù xù
荆门	jīng mén
荊門	jīng mén
妹妹	mèi mèi
林区	lín qū
林區	lín qū
請求	qǐng qiú
请求	qǐng qiú
不变	bù biàn
不變	bù biàn
兴建	xīng jiàn
興建	xīng jiàn
主持人	zhǔ chí rén
說出	shuō chū
说出	shuō chū
日前	rì qián
城內	chéng nèi
城内	chéng nèi
上下	shàng xià
争夺	zhēng duó
办理	bàn lǐ
汉子	hàn zǐ
漢子	hàn zǐ
爭奪	zhēng duó
辦理	bàn lǐ
名叫	míng jiào
耳朵	ěr duǒ
施工	shī gōng
释放	shì fàng
釋放	shì fàng
得知	dé zhī
水面	shuǐ miàn
同比	tóng bǐ
的确	de què
的確	de què
乡村	xiāng cūn
人力	rén lì
发起	fā qǐ
發起	fā qǐ
鄉村	xiāng cūn
高等	gāo děng
开辟	kāi bì
開闢	kāi pì
口径	kǒu jìng
口徑	kǒu jìng
明星	míng xīng
通道	tōng dào
主权	zhǔ quán
主權	zhǔ quán
大都	dà dū
战机	zhàn jī
戰機	zhàn jī
凡是	fán shì
羣島	qún dǎo
群岛	qún dǎo
老子	lǎo zǐ
車程	chē chéng
车程	chē chéng
防空	fáng kōng
刑部	xíng bù
效应	xiào yīng
效應	xiào yīng
既有	jì yǒu
黃色	huáng sè
黄色	huáng sè
义和团	yì hé tuán
宫殿	gōng diàn
宮殿	gōng diàn
神农架	shén nóng jià
神農架	shén nóng jià
義和團	yì hé tuán
联赛	lián sài
聯賽	lián sài
沒什麼	méi shí mó
没什么	méi shí mó
侦察	zhēn chá
偵察	zhēn chá
一方	yī fāng
神祕	shén mì
神秘	shén mì
走上	zǒu shàng
京城	jīng chéng
前者	qián zhě
导演	dǎo yǎn
導演	dǎo yǎn
節日	jié rì
节日	jié rì
服从	fú cóng
服從	fú cóng
官军	guān jūn
官軍	guān jūn
官吏	guān lì
一代	yī dài
国土	guó tǔ
國土	guó tǔ
孝感	xiào gǎn
以北	yǐ běi
低于	dī yú
低於	dī yú
整頓	zhěng dùn
整顿	zhěng dùn
蛋白質	dàn bái zhì
蛋白质	dàn bái zhì
示範區	shì fàn qū
示范区	shì fàn qū
經典	jīng diǎn
经典	jīng diǎn
考研	kǎo yán
考核	kǎo hé
考覈	kǎo hé
又名	yòu míng
当初	dāng chū
當初	dāng chū
脚步	jiǎo bù
腳步	jiǎo bù
棋盘	qí pán
棋盤	qí pán
光榮	guāng róng
光荣	guāng róng
阿哥	ā gē
南海	nán hǎi
陈家洛	chén jiā luò
陳家洛	chén jiā luò
季度	jì dù
蔬菜	shū cài
连忙	lián máng
連忙	lián máng
也好	yě hǎo
黑魚	hēi yú
黑鱼	hēi yú
內心	nèi xīn
内心	nèi xīn
繁榮	fán róng
繁荣	fán róng
下令	xià líng
印象	yìn xiàng
历来	lì lái
歷來	lì lái
緩緩	huǎn huǎn
缓缓	huǎn huǎn
覆盖	fù gài
覆蓋	fù gài
爷爷	yé yé
爺爺	yé yé
魚肚	yú dù
鱼肚	yú dù
会上	huì shàng
會上	huì shàng
上年	shàng nián
即便	jí biàn
不免	bù miǎn
权威	quán wēi
權威	quán wēi
进士	jìn shì
進士	jìn shì
庄严	zhuāng yán
莊嚴	zhuāng yán
長劍	cháng jiàn
长剑	cháng jiàn
全都	quán dū
聪明	cōng míng
聰明	cōng míng
加拿大	jiā ná dà
中华人民共和国中央军事委员会	zhōng huá rén mín gòng hé guó zhōng yāng jūn shì wěi yuán huì
中華人民共和國中央軍事委員會	zhōng huá rén mín gòng hé guó zhōng yāng jūn shì wěi yuán huì
特定	tè dìng
围绕	wéi rào
圍繞	wéi rào
本質	běn zhì
本质	běn zhì
小小的	xiǎo xiǎo de
义务	yì wù
義務	yì wù
逻辑	luó jí
邏輯	luó jí
麻烦	má fán
麻煩	má fán
平面	píng miàn
床上	chuáng shàng
牀上	chuáng shàng
論述	lùn shù
论述	lùn shù
航海	háng hǎi
随便	suí biàn
隨便	suí biàn
一个个	yī gè gè
一個個	yī gè gè
一顆	yī kē
一颗	yī kē
北京大学	běi jīng dà xué
北京大學	běi jīng dà xué
澳大利亚	ào dà lì yà
澳大利亞	ào dà lì yā
線路	xiàn lù
线路	xiàn lù
代码	dài mǎ
代碼	dài mǎ
表情	biǎo qíng
精彩	jīng cǎi
桌子	zhuō zǐ
南京市	nán jīng shì
誕生	dàn shēng
诞生	dàn shēng
收購	shōu gòu
收购	shōu gòu
課題	kè tí
课题	kè tí
河道	hé dào
足球	zú qiú
以色列	yǐ sè liè
意志	yì zhì
旅游区	lǚ yóu qū
旅遊區	lǚ yóu qū
种子	zhǒng zǐ
種子	zhǒng zǐ
概况	gài kuàng
概況	gài kuàng
一羣	yī qún
一群	yī qún
不停	bù tíng
万美元	wàn měi yuán
回族	huí zú
瞧瞧	qiáo qiáo
萬美元	wàn měi yuán
正要	zhèng yào
生产力	shēng chǎn lì
生產力	shēng chǎn lì
近日	jìn rì
仅次于	jǐn cì yú
僅次於	jǐn cì yú
想要	xiǎng yào
当日	dāng rì
當日	dāng rì
不下	bù xià
舞蹈	wǔ dǎo
中国队	zhōng guó duì
中國隊	zhōng guó duì
声响	shēng xiǎng
干涉	gān shè
汉族	hàn zú
漢族	hàn zú
聲響	shēng xiǎng
岩石	yán shí
入侵	rù qīn
辛亥革命	xīn hài gé mìng
双眼	shuāng yǎn
职司	zhí sī
職司	zhí sī
雙眼	shuāng yǎn
总部	zǒng bù
總部	zǒng bù
不住	bù zhù
並未	bìng wèi
并未	bìng wèi
沿革	yán gé
派出	pài chū
热闹	rè nào
熱鬧	rè nào
进展	jìn zhǎn
進展	jìn zhǎn
为首	wéi shǒu
爲首	wéi shǒu
部落	bù là
翻譯	fān yì
翻译	fān yì
创建	chuàng jiàn
創建	chuàng jiàn
巩固	gǒng gù
鞏固	gǒng gù
預防	yù fáng
预防	yù fáng
形状	xíng zhuàng
形狀	xíng zhuàng
所長	suǒ cháng
所长	suǒ cháng
祭祀	jì sì
便宜	biàn yí
改名	gǎi míng
預測	yù cè
预测	yù cè
各位	gè wèi
等級	děng jí
等级	děng jí
相连	xiāng lián
相連	xiāng lián
眼光	yǎn guāng
取代	qǔ dài
海藻	hǎi zǎo
东汉	dōng hàn
宣告	xuān gào
東漢	dōng hàn
汉口	hàn kǒu
漢口	hàn kǒu
評爲	píng wéi
评为	píng wéi
混乱	hùn luàn
混亂	hùn luàn
列入	liè rù
嘴裏	zuǐ lǐ
嘴里	zuǐ lǐ
名牌	míng pái
极其	jí qí
極其	jí qí
庆典	qìng diǎn
慶典	qìng diǎn
支援	zhī yuán
老太太	lǎo tài tài
太空	tài kōng
基层	jī céng
基層	jī céng
爆炸	bào zhà
王琦瑤	wáng qí yáo
王琦瑶	wáng qí yáo
神經	shén jīng
神经	shén jīng
更名	gēng míng
深深	shēn shēn
业绩	yè jì
大致	dà zhì
業績	yè jì
天地	tiān dì
信任	xìn rèn
冲击	chōng jī
衝擊	chōng jī
基因	jī yīn
玻璃	bō lí
部位	bù wèi
场合	cháng hé
場合	cháng hé
平方米	píng fāng mǐ
遵守	zūn shǒu
人选	rén xuǎn
人選	rén xuǎn
舞台	wǔ tái
舞臺	wǔ tái
满脸	mǎn liǎn
滿臉	mǎn liǎn
出生	chū shēng
打破	dǎ pò
輕鬆	qīng sōng
轻松	qīng sōng
参观	cān guān
參觀	cān guān
万平方米	wàn píng fāng mǐ
委托	wěi tuō
委託	wěi tuō
悬挂	xuán guà
懸掛	xuán guà
萬平方米	wàn píng fāng mǐ
师傅	shī fù
師傅	shī fù
研发	yán fā
研發	yán fā
局势	jú shì
局勢	jú shì
任命	rèn mìng
赶到	gǎn dào
趕到	gǎn dào
步兵	bù bīng
确保	què bǎo
確保	què bǎo
市委	shì wěi
带有	dài yǒu
帶有	dài yǒu
热烈	rè liè
熱烈	rè liè
神情	shén qíng
三級	sān jí
三级	sān jí
光华	guāng huá
光華	guāng huá
南路	nán lù
学说	xué shuō
學說	xué shuō
航运	háng yùn
航運	háng yùn
血液	xiě yè
依次	yī cì
精品	jīng pǐn
俱乐部	jù lè bù
俱樂部	jù lè bù
图册	tú cè
圖冊	tú cè
城墙	chéng qiáng
城牆	chéng qiáng
损害	sǔn hài
損害	sǔn hài
鮮血	xiān xiě
鲜血	xiān xiě
李莫愁	lǐ mò chóu
石头	shí tóu
石頭	shí tóu
平日	píng rì
集合	jí hé
以往	yǐ wǎng
剑法	jiàn fǎ
劍法	jiàn fǎ
水力	shuǐ lì
缺少	quē shǎo
侍卫	shì wèi
侍衛	shì wèi
全長	quán cháng
全长	quán cháng
兴起	xīng qǐ
可怕	kě pà
興起	xīng qǐ
理性	lǐ xìng
共和	gòng hé
負擔	fù dān
负担	fù dān
那儿	nà ér
那兒	nà ér
代理	dài lǐ
平静	píng jìng
平靜	píng jìng
特性	tè xìng
直升机	zhí shēng jī
直升機	zhí shēng jī
知識分子	zhī shí fēn zǐ
知识分子	zhī shí fēn zǐ
頻繁	bīn fán
频繁	pín fán
州長	zhōu cháng
州长	zhōu cháng
手臂	shǒu bì
話題	huà tí
话题	huà tí
人間	rén jiān
人间	rén jiān
不良	bù liáng
每日	měi rì
会见	huì jiàn
手上	shǒu shàng
日月	rì yuè
會見	huì jiàn
配套	pèi tào
生产总值	shēng chǎn zǒng zhí
生產總值	shēng chǎn zǒng zhí
不該	bù gāi
不该	bù gāi
号称	hào chēng
號稱	hào chēng
街头	jiē tóu
街頭	jiē tóu
拿出	ná chū
一口气	yī kǒu qì
一口氣	yī kǒu qì
这时候	zhè shí hòu
這時候	zhè shí hòu
維生素	wéi shēng sù
维生素	wéi shēng sù
整理	zhěng lǐ
边缘	biān yuán
邊緣	biān yuán
深度	shēn dù
城中	chéng zhōng
屋裏	wū lǐ
屋里	wū lǐ
为止	wéi zhǐ
大气	dà qì
大氣	dà qì
爲止	wéi zhǐ
姓名	xìng míng
眼下	yǎn xià
原本	yuán běn
宋代	sòng dài
年輕人	nián qīng rén
年轻人	nián qīng rén
觀看	guān kàn
观看	guān kàn
却说	què shuō
卻說	què shuō
推行	tuī háng
漂亮	piāo liàng
通往	tōng wǎng
对待	duì dài
對待	duì dài
广播	guǎng bō
廣播	guǎng bō
携带	xié dài
攜帶	xié dài
画家	huà jiā
畫家	huà jiā
公告	gōng gào
那位	nà wèi
家族	jiā zú
帝王	dì wáng
本地	běn dì
法制	fǎ zhì
一副	yī fù
一头	yī tóu
一頭	yī tóu
負責制	fù zé zhì
负责制	fù zé zhì
明日	míng rì
元素	yuán sù
法庭	fǎ tíng
說不定	shuō bù dìng
说不定	shuō bù dìng
山脈	shān mài
山脉	shān mài
視爲	shì wéi
视为	shì wéi
侵略者	qīn lüè zhě
澳門	ào mén
澳门	ào mén
聚集	jù jí
車輛	chē liàng
车辆	chē liàng
支配	zhī pèi
上海市	shàng hǎi shì
信仰	xìn yǎng
炮弹	páo dàn
炮彈	páo dàn
可怜	kě lián
可憐	kě lián
相当于	xiāng dāng yú
相當於	xiāng dāng yú
陷入	xiàn rù
前輩	qián bèi
前辈	qián bèi
面向	miàn xiàng
大米	dà mǐ
无比	wú bǐ
渔业	yú yè
漁業	yú yè
無比	wú bǐ
經費	jīng fèi
经费	jīng fèi
清朝	qīng zhāo
总经理	zǒng jīng lǐ
省直	shěng zhí
總經理	zǒng jīng lǐ
带领	dài lǐng
帶領	dài lǐng
关闭	guān bì
回国	huí guó
回國	huí guó
抬头	tái tóu
擡頭	tái tóu
沿岸	yán àn
關閉	guān bì
請願	qǐng yuàn
请愿	qǐng yuàn
情報	qíng bào
情报	qíng bào
国内外	guó nèi wài
國內外	guó nèi wài
摆脱	bǎi tuō
擺脫	bǎi tuō
外貿	wài mào
外贸	wài mào
承諾	chéng nuò
承诺	chéng nuò
藏族	cáng zú
两名	liǎng míng
事儿	shì ér
事兒	shì ér
兩名	liǎng míng
手法	shǒu fǎ
送到	sòng dào
宫中	gōng zhōng
宮中	gōng zhōng
繪畫	huì huà
绘画	huì huà
利害	lì hài
心头	xīn tóu
心頭	xīn tóu
装甲	zhuāng jiǎ
裝甲	zhuāng jiǎ
貧困	pín kùn
贫困	pín kùn
不满	bù mǎn
不滿	bù mǎn
纖維	xiān wéi
纤维	xiān wéi
世上	shì shàng
亲兵	qīn bīng
伊斯兰教	yī sī lán jiào
伊斯蘭教	yī sī lán jiào
湖南省	hú nán shěng
街上	jiē shàng
親兵	qīn bīng
何必	hé bì
服装	fú zhuāng
服裝	fú zhuāng
火箭	huǒ jiàn
論文	lùn wén
论文	lùn wén
哪个	nǎ gè
哪個	nǎ gè
射击	shè jī
射擊	shè jī
江夏	jiāng xià
党员	dǎng yuán
协助	xié zhù
協助	xié zhù
黨員	dǎng yuán
媳妇	xí fù
媳婦	xí fù
那边	nà biān
那邊	nà biān
房屋	fáng wū
器官	qì guān
角色	jiǎo sè
东湖	dōng hú
抵抗	dǐ kàng
東湖	dōng hú
哈哈	hā hā
安徽	ān huī
二級	èr jí
二级	èr jí
省委	shěng wěi
不幸	bù xìng
增加值	zēng jiā zhí
恩施	ēn shī
通用	tōng yòng
乾淨	qián jìng
五个	wǔ gè
五個	wǔ gè
工匠	gōng jiàng
干净	gān jìng
改建	gǎi jiàn
水系	shuǐ xì
阿拉伯	ā lā bó
十八年	shí bā nián
当作	dāng zuò
當作	dāng zuò
天天	tiān tiān
当今	dāng jīn
渠道	qú dào
當今	dāng jīn
遭遇	zāo yù
我军	wǒ jūn
我軍	wǒ jūn
視頻	shì bīn
视频	shì pín
古墓	gǔ mù
接过	jiē guò
接過	jiē guò
达成	dá chéng
達成	dá chéng
什么样	shí mó yàng
什麼樣	shí mó yàng
天空	tiān kōng
或許	huò xū
或许	huò xǔ
才能	cái néng
中外	zhōng wài
名城	míng chéng
市场经济	shì cháng jīng jì
市場經濟	shì cháng jīng jì
管轄	guǎn xiá
管辖	guǎn xiá
子女	zǐ nǚ
扩建	kuò jiàn
擴建	kuò jiàn
能否	néng fǒu
馬朝旭	mǎ zhāo xù
马朝旭	mǎ zhāo xù
採購	cǎi gòu
采购	cǎi gòu
个个	gè gè
個個	gè gè
职责	zhí zé
職責	zhí zé
兵刃	bīng rèn
議事	yì shì
议事	yì shì
首領	shǒu lǐng
首领	shǒu lǐng
感动	gǎn dòng
感動	gǎn dòng
舰队	jiàn duì
艦隊	jiàn duì
魚苗	yú miáo
鱼苗	yú miáo
光芒	guāng máng
老者	lǎo zhě
封鎖	fēng suǒ
封锁	fēng suǒ
食用	shí yòng
可用	kě yòng
疼痛	téng tòng
买卖	mǎi mài
儘快	jǐn kuài
尽快	jìn kuài
買賣	mǎi mài
选拔	xuǎn bá
選拔	xuǎn bá
武装力量	wǔ zhuāng lì liáng
武裝力量	wǔ zhuāng lì liáng
舆论	yú lùn
輿論	yú lùn
人为	rén wéi
人爲	rén wéi
南京長江大橋	nán jīng cháng jiāng dà qiáo
南京长江大桥	nán jīng cháng jiāng dà qiáo
重复	zhòng fù
重複	zhòng fù
回过	huí guò
回過	huí guò
大学士	dà xué shì
大學士	dà xué shì
欣賞	xīn shǎng
欣赏	xīn shǎng
律师	lǜ shī
律師	lǜ shī
号召	hào zhào
號召	hào zhào
行省	háng shěng
名单	míng dān
名單	míng dān
定义	dìng yì
定義	dìng yì
收到	shōu dào
財務	cái wù
财务	cái wù
一輩子	yī bèi zǐ
一辈子	yī bèi zǐ
不利	bù lì
景觀	jǐng guān
景观	jǐng guān
十五年	shí wǔ nián
宣言	xuān yán
莫斯科	mò sī kē
研究生	yán jiū shēng
經濟特區	jīng jì tè qū
经济特区	jīng jì tè qū
边界	biān jiè
邊界	biān jiè
比重	bǐ zhòng
互联网	hù lián wǎng
互聯網	hù lián wǎng
人民公社	rén mín gōng shè
政治部	zhèng zhì bù
总裁	zǒng cái
總裁	zǒng cái
羣體	qún tǐ
群体	qún tǐ
阵地	zhèn dì
陣地	zhèn dì
一个月	yī gè yuè
一個月	yī gè yuè
內外	nèi wài
內戰	nèi zhàn
内外	nèi wài
内战	nèi zhàn
強度	qiáng dù
强度	qiáng dù
免費	miǎn fèi
免费	miǎn fèi
启动	qǐ dòng
啓動	qǐ dòng
登記	dēng jì
登记	dēng jì
脖子	bó zǐ
十三	shí sān
点点头	diǎn diǎn tóu
點點頭	diǎn diǎn tóu
司令部	sī líng bù
美术	měi shù
美術	měi shù
孝感市	xiào gǎn shì
立时	lì shí
立時	lì shí
复习	fù xí
奠定	diàn dìng
複習	fù xí
公子	gōng zǐ
地形	dì xíng
对抗	duì kàng
對抗	duì kàng
技艺	jì yì
技藝	jì yì
树立	shù lì
樹立	shù lì
黃岡市	huáng gāng shì
黄冈市	huáng gāng shì
匾額	biǎn é
匾额	biǎn é
增多	zēng duō
自覺	zì jué
自觉	zì jué
递增	dì zēng
遞增	dì zēng
伤害	shāng hài
傷害	shāng hài
杀人	shā rén
殺人	shā rén
演变	yǎn biàn
演變	yǎn biàn
指挥部	zhǐ huī bù
指揮部	zhǐ huī bù
屋子	wū zǐ
皇家	huáng jiā
民众	mín zhòng
民衆	mín zhòng
船舶	chuán bó
乃是	nǎi shì
代表团	dài biǎo tuán
代表團	dài biǎo tuán
生理	shēng lǐ
查看	chá kàn
力度	lì dù
鼻子	bí zǐ
出土	chū tǔ
其間	qí jiān
其间	qí jiān
危害	wēi hài
上游	shàng yóu
列車	liè chē
列车	liè chē
截至	jié zhì
基于	jī yú
基於	jī yú
呈现	chéng xiàn
呈現	chéng xiàn
过于	guò yú
過於	guò yú
領先	lǐng xiān
领先	lǐng xiān
军民	jūn mín
时机	shí jī
時機	shí jī
球员	qiú yuán
球員	qiú yuán
軍民	jūn mín
情景	qíng jǐng
工部	gōng bù
测定	cè dìng
測定	cè dìng
物体	wù tǐ
物體	wù tǐ
野生	yě shēng
事故	shì gù
后果	hòu guǒ
後果	hòu guǒ
高于	gāo yú
高於	gāo yú
健全	jiàn quán
兵团	bīng tuán
兵團	bīng tuán
封閉	fēng bì
封闭	fēng bì
胡同	hú tóng
衚衕	hú tòng
决赛	jué sài
变动	biàn dòng
決賽	jué sài
治安	zhì ān
變動	biàn dòng
一双	yī shuāng
一雙	yī shuāng
犯人	fàn rén
背上	bèi shàng
差距	chà jù
紐約	niǔ yuē
紫禁城	zǐ jīn chéng
纽约	niǔ yuē
微軟	wēi ruǎn
微软	wēi ruǎn
肿瘤	zhǒng liú
腫瘤	zhǒng liú
低头	dī tóu
低頭	dī tóu
建筑群	jiàn zhù qún
建築羣	jiàn zhù qún
答案	dá àn
中文	zhōng wén
月份	yuè fèn
刘备	liú bèi
劉備	liú bèi
火山	huǒ shān
蒙古族	mēng gǔ zú
权益	quán yì
桥梁	qiáo liáng
橋樑	qiáo liáng
權益	quán yì
正中	zhèng zhōng
初級	chū jí
初级	chū jí
官方	guān fāng
弟兄	dì xiōng
提議	tí yì
提议	tí yì
添加	tiān jiā
全党	quán dǎng
全黨	quán dǎng
風光	fēng guāng
风光	fēng guāng
信用	xìn yòng
家中	jiā zhōng
抑制	yì zhì
施行	shī háng
第二次世界大战	dì èr cì shì jiè dà zhàn
第二次世界大戰	dì èr cì shì jiè dà zhàn
地主	dì zhǔ
飲食	yǐn shí
饮食	yǐn shí
开创	kāi chuàng
開創	kāi chuàng
大国	dà guó
大國	dà guó
大将	dà jiāng
大將	dà jiāng
边境	biān jìng
邊境	biān jìng
几种	jī zhǒng
境界	jìng jiè
幾種	jī zhǒng
晶体	jīng tǐ
晶體	jīng tǐ
等候	děng hòu
高大	gāo dà
罢了	bà le
罷了	bà le
肚子	dù zǐ
打倒	dǎ dǎo
自成	zì chéng
五代	wǔ dài
轄區	xiá qū
辖区	xiá qū
名額	míng é
名额	míng é
旁人	páng rén
睡覺	shuì jué
睡觉	shuì jué
商議	shāng yì
商议	shāng yì
肌肉	jī ròu
这方面	zhè fāng miàn
這方面	zhè fāng miàn
层次	céng cì
層次	céng cì
各人	gè rén
广西	guǎng xī
廣西	guǎng xī
此处	cǐ chǔ
此處	cǐ chǔ
推翻	tuī fān
半晌	bàn shǎng
模拟	mó nǐ
模擬	mó nǐ
毫不	háo bù
支柱	zhī zhù
收益	shōu yì
不顧	bù gù
不顾	bù gù
周边	zhōu biān
周邊	zhōu biān
玉米	yù mǐ
奴才	nú cái
传递	chuán dì
傳遞	chuán dì
次日	cì rì
生意	shēng yì
波斯	bō sī
精华	jīng huá
精華	jīng huá
佔據	zhàn jù
出門	chū mén
出门	chū mén
占据	zhān jù
口号	kǒu hào
口號	kǒu hào
南非	nán fēi
年初	nián chū
公社	gōng shè
华表	huá biǎo
张无忌	zhāng wú jì
張無忌	zhāng wú jì
華表	huá biǎo
診斷	zhěn duàn
诊断	zhěn duàn
名片	míng piàn
感謝	gǎn xiè
感谢	gǎn xiè
标语	biāo yǔ
標語	biāo yǔ
善于	shàn yú
善於	shàn yú
必定	bì dìng
景区	jǐng qū
景區	jǐng qū
脫離	tuō lí
脱离	tuō lí
万平方公里	wàn píng fāng gōng lǐ
萬平方公里	wàn píng fāng gōng lǐ
何处	hé chǔ
何處	hé chǔ
老人家	lǎo rén jiā
团长	tuán cháng
團長	tuán cháng
化石	huà shí
文献	wén xiàn
文獻	wén xiàn
师兄	shī xiōng
師兄	shī xiōng
輸入	shū rù
输入	shū rù
会谈	huì tán
指定	zhǐ dìng
會談	huì tán
沿着	yán zhuó
引发	yǐn fā
引發	yǐn fā
无限	wú xiàn
無限	wú xiàn
眼裏	yǎn lǐ
眼里	yǎn lǐ
顧問	gù wèn
顾问	gù wèn
开封	kāi fēng
開封	kāi fēng
各界	gè jiè
丧失	sāng shī
喪失	sāng shī
敏感	mǐn gǎn
生效	shēng xiào
穷人	qióng rén
窮人	qióng rén
草案	cǎo àn
新鮮	xīn xiān
新鲜	xīn xiān
證書	zhèng shū
证书	zhèng shū
抬起	tái qǐ
擡起	tái qǐ
运动员	yùn dòng yuán
運動員	yùn dòng yuán
鍛鍊	duàn liàn
锻炼	duàn liàn
体验	tǐ yàn
队长	duì cháng
隊長	duì cháng
體驗	tǐ yàn
垄断	lǒng duàn
壟斷	lǒng duàn
八戒	bā jiè
称之为	chēng zhī wéi
稱之爲	chēng zhī wéi
履行	lǚ háng
工商	gōng shāng
城外	chéng wài
小麥	xiǎo mài
小麦	xiǎo mài
直径	zhí jìng
直徑	zhí jìng
奋斗	fèn dǒu
奮鬥	fèn dòu
西北部	xī běi bù
道教	dào jiào
化合物	huà hé wù
单纯	dān chún
單純	dān chún
送給	sòng gěi
送给	sòng gěi
千克	qiān kè
正面	zhèng miàn
維修	wéi xiū
维修	wéi xiū
議論	yì lùn
议论	yì lùn
警察	jǐng chá
宏觀	hóng guān
宏观	hóng guān
名义	míng yì
名義	míng yì
一一	yī yī
参数	cān shù
參數	cān shù
統帥	tǒng shuài
统帅	tǒng shuài
区长	qū cháng
區長	qū cháng
格局	gé jú
一手	yī shǒu
教練	jiào liàn
教练	jiào liàn
錢謙益	qián qiān yì
钱谦益	qián qiān yì
万历	wàn lì
古城	gǔ chéng
合格	hé gé
娛樂	yú lè
娱乐	yú lè
用力	yòng lì
萬曆	wàn lì
前景	qián jǐng
天子	tiān zǐ
一夜	yī yè
土家族	tǔ jiā zú
依賴	yī lài
依赖	yī lài
少林	shǎo lín
艰难	jiān nán
艱難	jiān nán
上前	shàng qián
变为	biàn wéi
海底	hǎi dǐ
行政区域	háng zhèng qū yù
行政區域	háng zhèng qū yù
變爲	biàn wéi
佳肴	jiā yáo
佳餚	jiā yáo
动员	dòng yuán
動員	dòng yuán
大地	dà dì
派遣	pài qiǎn
直至	zhí zhì
党委	dǎng wěi
大体	dà tǐ
大體	dà tǐ
适才	shì cái
適才	shì cái
預期	yù qī
预期	yù qī
黨委	dǎng wěi
不易	bù yì
大队	dà duì
大隊	dà duì
世界杯	shì jiè bēi
世界盃	shì jiè bēi
招呼	zhāo hū
难得	nán dé
難得	nán dé
不难	bù nán
不難	bù nán
丫头	yā tóu
丫頭	yā tóu
南湖	nán hú
小型	xiǎo xíng
江汉	jiāng hàn
江漢	jiāng hàn
不算	bù suàn
手續	shǒu xù
手续	shǒu xù
严肃	yán sù
嚴肅	yán sù
定位	dìng wèi
流传	liú chuán
流傳	liú chuán
当代	dāng dài
當代	dāng dài
东南亚	dōng nán yà
東南亞	dōng nán yā
轉換	zhuǎn huàn
转换	zhuǎn huàn
总司令	zǒng sī líng
提起	tí qǐ
清政府	qīng zhèng fǔ
總司令	zǒng sī líng
非法	fēi fǎ
公平	gōng píng
淡水魚	dàn shuǐ yú
淡水鱼	dàn shuǐ yú
苏州	sū zhōu
蘇州	sū zhōu
袭击	xí jī
襲擊	xí jī
看出	kàn chū
总产量	zǒng chǎn liáng
愿望	yuàn wàng
打死	dǎ sǐ
数目	shù mù
數目	shù mù
總產量	zǒng chǎn liáng
願望	yuàn wàng
院士	yuàn shì
花岗岩	huā gǎng yán
花崗岩	huā gǎng yán
小人	xiǎo rén
父子	fù zǐ
跪下	guì xià
黃宗羲	huáng zōng xī
黄宗羲	huáng zōng xī
火炮	huǒ páo
两边	liǎng biān
产卵	chǎn luǎn
兩邊	liǎng biān
十四	shí sì
產卵	chǎn luǎn
網友	wǎng yǒu
网友	wǎng yǒu
六年	liù nián
固然	gù rán
装饰	zhuāng shì
裝飾	zhuāng shì
西汉	xī hàn
西漢	xī hàn
两代	liǎng dài
中等	zhōng děng
兩代	liǎng dài
外界	wài jiè
汉人	hàn rén
海峡	hǎi xiá
海峽	hǎi xiá
漢人	hàn rén
产物	chǎn wù
巴西	bā xī
活跃	huó yuè
活躍	huó yuè
產物	chǎn wù
思路	sī lù
打听	dǎ tīng
打聽	dǎ tīng
水泥	shuǐ ní
交往	jiāo wǎng
环节	huán jié
環節	huán jié
会长	huì cháng
弟弟	dì dì
怎地	zěn dì
會長	huì cháng
画像	huà xiàng
畫像	huà xiàng
王爷	wáng yé
王爺	wáng yé
八国联军	bā guó lián jūn
八國聯軍	bā guó lián jūn
持有	chí yǒu
被捕	bèi bǔ
海岸	hǎi àn
半年	bàn nián
說起	shuō qǐ
说起	shuō qǐ
阻止	zǔ zhǐ
一行	yī háng
力学	lì xué
力學	lì xué
十大	shí dà
多半	duō bàn
头顶	tóu dǐng
頭頂	tóu dǐng
仍旧	réng jiù
仍舊	réng jiù
历时	lì shí
歷時	lì shí
口中	kǒu zhōng
岛屿	dǎo yǔ
島嶼	dǎo yǔ
煤炭	méi tàn
当天	dāng tiān
當天	dāng tiān
精細	jīng xì
精细	jīng xì
南阳	nán yáng
南陽	nán yáng
身旁	shēn páng
披露	pī lòu
击败	jī bài
庆祝	qìng zhù
心思	xīn sī
情感	qíng gǎn
慶祝	qìng zhù
擊敗	jī bài
伙伴	huǒ bàn
夥伴	huǒ bàn
大幅	dà fú
汉语	hàn yǔ
漢語	hàn yǔ
證實	zhèng shí
证实	zhèng shí
单行	dān háng
同期	tóng qī
單行	dān háng
重量	zhòng liáng
待遇	dài yù
生涯	shēng yá
鄂州	è zhōu
不怕	bù pà
以南	yǐ nán
例子	lì zǐ
包围	bāo wéi
包圍	bāo wéi
咸宁	xián níng
咸寧	xián níng
報名	bào míng
报名	bào míng
温暖	wēn nuǎn
溫暖	wēn nuǎn
激素	jī sù
联邦	lián bāng
聯邦	lián bāng
賽季	sài jì
赛季	sài jì
婴儿	yīng ér
嬰兒	yīng ér
模範	mó fàn
模范	mó fàn
房地产	fáng dì chǎn
房地產	fáng dì chǎn
收集	shōu jí
清晰	qīng xī
制約	zhì yuē
制约	zhì yuē
受命	shòu mìng
事先	shì xiān
场面	cháng miàn
場面	cháng miàn
殖民地	zhí mín dì
客运	kè yùn
客運	kè yùn
壮丽	zhuàng lì
壯麗	zhuàng lí
規矩	guī jǔ
规矩	guī jǔ
棺材	guān cái
紧密	jǐn mì
緊密	jǐn mì
半点	bàn diǎn
半點	bàn diǎn
去世	qù shì
检验	jiǎn yàn
檢驗	jiǎn yàn
海水	hǎi shuǐ
配置	pèi zhì
小孩	xiǎo hái
杀死	shā sǐ
殺死	shā sǐ
北京城	běi jīng chéng
報考	bào kǎo
报考	bào kǎo
瑞士	ruì shì
现行	xiàn háng
現行	xiàn háng
庞大	páng dà
龐大	páng dà
智慧	zhì huì
人口数	rén kǒu shù
人口數	rén kǒu shù
以致	yǐ zhì
冬季	dōng jì
北大	běi dà
远处	yuǎn chǔ
遠處	yuǎn chǔ
发掘	fā jué
建制	jiàn zhì
發掘	fā jué
貢獻者	gòng xiàn zhě
贡献者	gòng xiàn zhě
下游	xià yóu
和諧	hé xié
和谐	hé xié
王公	wáng gōng
哈哈大笑	hā hā dà xiào
黃州	huáng zhōu
黄州	huáng zhōu
匆匆	cōng cōng
收回	shōu huí
記憶	jì yì
记忆	jì yì
波兰	bō lán
波蘭	bō lán
魚種	yú zhǒng
鱼种	yú zhǒng
农产品	nóng chǎn pǐn
可能性	kě néng xìng
安陆	ān lù
安陸	ān lù
概覽	gài lǎn
概览	gài lǎn
白雪	bái xuě
講究	jiǎng jiū
讲究	jiǎng jiū
農產品	nóng chǎn pǐn
防守	fáng shǒu
民国	mín guó
民國	mín guó
兵器	bīng qì
工程师	gōng chéng shī
工程師	gōng chéng shī
訴訟	sù sòng
诉讼	sù sòng
确认	què rèn
確認	què rèn
创立	chuàng lì
創立	chuàng lì
团子	tuán zǐ
往來	wǎng lái
往来	wǎng lái
感激	gǎn jī
无奈	wú nài
無奈	wú nài
糰子	tuán zǐ
援助	yuán zhù
本事	běn shì
河口	hé kǒu
脚下	jiǎo xià
腳下	jiǎo xià
一律	yī lǜ
保卫	bǎo wèi
保衛	bǎo wèi
暗中	àn zhōng
征服	zhēng fú
注入	zhù rù
深受	shēn shòu
彙報	huì bào
技巧	jì qiǎo
汇报	huì bào
品質	pǐn zhì
品质	pǐn zhì
墙上	qiáng shàng
牆上	qiáng shàng
詩歌	shī gē
诗歌	shī gē
風景區	fēng jǐng qū
风景区	fēng jǐng qū
主席团	zhǔ xí tuán
主席團	zhǔ xí tuán
不料	bù liào
干扰	gān rǎo
干擾	gān rǎo
脾气	pí qì
脾氣	pí qì
長城	cháng chéng
长城	cháng chéng
北緯	běi wěi
北纬	běi wěi
广阔	guǎng kuò
廣闊	guǎng kuò
登上	dēng shàng
內力	nèi lì
内力	nèi lì
大为	dà wéi
大爲	dà wéi
誉为	yù wéi
譽爲	yù wéi
溶液	róng yè
短期	duǎn qī
高峯	gāo fēng
高峰	gāo fēng
丐帮	gài bāng
丐幫	gài bāng
旅客	lǚ kè
中华门	zhōng huá mén
中華門	zhōng huá mén
燃烧	rán shāo
燃燒	rán shāo
鄂州市	è zhōu shì
仙桃市	xiān táo shì
协商	xié shāng
協商	xié shāng
荆门市	jīng mén shì
荊門市	jīng mén shì
凭借	píng jiè
分支	fēn zhī
图书馆	tú shū guǎn
圖書館	tú shū guǎn
憑藉	píng jiè
木工	mù gōng
核武器	hé wǔ qì
垂直	chuí zhí
屈家岭	qū jiā lǐng
屈家嶺	qū jiā lǐng
对面	duì miàn
對面	duì miàn
一刀	yī dāo
冰川	bīng chuān
碰到	pèng dào
觀測	guān cè
观测	guān cè
傢伙	jiā huǒ
压迫	yā pò
可靠	kě kào
壓迫	yā pò
家伙	jiā huǒ
怀里	huái lǐ
懷裏	huái lǐ
描写	miáo xiě
描寫	miáo xiě
菩萨	pú sà
菩薩	pú sà
咸宁市	xián níng shì
咸寧市	xián níng shì
節度使	jié dù shǐ
节度使	jié dù shǐ
經濟學	jīng jì xué
经济学	jīng jì xué
齊聲	qí shēng
齐声	qí shēng
满洲	mǎn zhōu
滿洲	mǎn zhōu
现存	xiàn cún
現存	xiàn cún
命題	mìng tí
命题	mìng tí
必備	bì bèi
必备	bì bèi
百年	bǎi nián
長度	cháng dù
长度	cháng dù
增大	zēng dà
相等	xiāng děng
华山	huá shān
大胆	dà dǎn
大膽	dà dǎn
華山	huá shān
越是	yuè shì
湖北省人民政府	hú běi shěng rén mín zhèng fǔ
西晉	xī jìn
西晋	xī jìn
勇气	yǒng qì
勇氣	yǒng qì
山上	shān shàng
汉江	hàn jiāng
漢江	hàn jiāng
匈奴	xiōng nú
天鵝洲	tiān é zhōu
天鹅洲	tiān é zhōu
綜合性	zōng hé xìng
综合性	zōng hé xìng
极端	jí duān
極端	jí duān
亿立方米	yì lì fāng mǐ
億立方米	yì lì fāng mǐ
用作	yòng zuò
周年	zhōu nián
週年	zhōu nián
物品	wù pǐn
越南	yuè nán
不安	bù ān
个性	gè xìng
個性	gè xìng
写作	xiě zuò
寫作	xiě zuò
制品	zhì pǐn
可謂	kě wèi
可谓	kě wèi
各族	gè zú
製品	zhì pǐn
伤口	shāng kǒu
傷口	shāng kǒu
创业	chuàng yè
創業	chuàng yè
甘肃	gān sù
甘肅	gān sù
悄悄	qiǎo qiǎo
时辰	shí chén
時辰	shí chén
一体	yī tǐ
一體	yī tǐ
祖先	zǔ xiān
作业	zuò yè
作業	zuò yè
文武	wén wǔ
作風	zuò fēng
作风	zuò fēng
大众	dà zhòng
大衆	dà zhòng
据悉	jù xī
據悉	jù xī
大殿	dà diàn
发言	fā yán
手工业	shǒu gōng yè
手工業	shǒu gōng yè
每当	měi dāng
每當	měi dāng
海域	hǎi yù
發言	fā yán
防治	fáng zhì
鮮明	xiān míng
鲜明	xiān míng
半岛	bàn dǎo
半島	bàn dǎo
孤立	gū lì
简历	jiǎn lì
簡歷	jiǎn lì
雕刻	diāo kè
石英	shí yīng
要說	yào shuō
要说	yào shuō
設想	shè xiǎng
设想	shè xiǎng
大西洋	dà xī yáng
欧盟	ōu méng
歐盟	ōu méng
从未	cóng wèi
付出	fù chū
城区	chéng qū
城區	chéng qū
從未	cóng wèi
总之	zǒng zhī
總之	zǒng zhī
省会	shěng huì
省會	shěng huì
精美	jīng měi
难度	nán dù
難度	nán dù
零部件	líng bù jiàn
高温	gāo wēn
高溫	gāo wēn
涌现	yǒng xiàn
涌現	yǒng xiàn
登陆	dēng lù
登陸	dēng lù
气象	qì xiàng
氣象	qì xiàng
緩慢	huǎn màn
缓慢	huǎn màn
违反	wéi fǎn
違反	wéi fǎn
天主教	tiān zhǔ jiào
欧阳锋	ōu yáng fēng
歐陽鋒	ōu yáng fēng
眼中	yǎn zhōng
本月	běn yuè
水果	shuǐ guǒ
今晚	jīn wǎn
姊妹	zǐ mèi
完美	wán měi
椅子	yǐ zǐ
第二个	dì èr gè
第二個	dì èr gè
糾正	jiū zhèng
纠正	jiū zhèng
打敗	dǎ bài
打败	dǎ bài
魯迅	lǔ xùn
鲁迅	lǔ xùn
拆除	chāi chú
减轻	jiǎn qīng
得罪	dé zuì
水利	shuǐ lì
減輕	jiǎn qīng
起源	qǐ yuán
粒子	lì zǐ
重伤	zhòng shāng
重傷	zhòng shāng
冶金	yě jīn
前去	qián qù
支撐	zhī chēng
支撑	zhī chēng
造型	zào xíng
全国政协	quán guó zhèng xié
全國政協	quán guó zhèng xié
县城	xiàn chéng
山水	shān shuǐ
提問	tí wèn
提问	tí wèn
穴道	xué dào
縣城	xiàn chéng
友誼	yǒu yì
友谊	yǒu yì
流量	liú liáng
满族	mǎn zú
滿族	mǎn zú
这项	zhè xiàng
這項	zhè xiàng
不及	bù jí
大使	dà shǐ
長大	cháng dà
长大	cháng dà
以至	yǐ zhì
地貌	dì mào
金殿	jīn diàn
三天	sān tiān
枢纽	shū niǔ
樞紐	shū niǔ
浑身	hún shēn
渾身	hún shēn
精力	jīng lì
茶叶	chá yè
茶葉	chá yè
依旧	yī jiù
依舊	yī jiù
国务委员	guó wù wěi yuán
國務委員	guó wù wěi yuán
知名	zhī míng
万一	wàn yī
想想	xiǎng xiǎng
萬一	wàn yī
人民解放军	rén mín jiě fàng jūn
人民解放軍	rén mín jiě fàng jūn
夏季	xià jì
泰国	tài guó
泰國	tài guó
登基	dēng jī
納入	nà rù
纳入	nà rù
侍郎	shì láng
接到	jiē dào
本市	běn shì
終身	zhōng shēn
终身	zhōng shēn
一向	yī xiàng
夜晚	yè wǎn
沈阳	shěn yáng
液体	yè tǐ
液體	yè tǐ
瀋陽	shěn yáng
特有	tè yǒu
勉強	miǎn qiáng
勉强	miǎn qiáng
生产资料	shēng chǎn zī liào
生產資料	shēng chǎn zī liào
證據	zhèng jù
证据	zhèng jù
額外	é wài
额外	é wài
屋頂	wū dǐng
屋顶	wū dǐng
眼看	yǎn kàn
強化	qiáng huà
强化	qiáng huà
試圖	shì tú
试图	shì tú
故里	gù lǐ
次年	cì nián
貨物	huò wù
货物	huò wù
長安街	cháng ān jiē
长安街	cháng ān jiē
不妨	bù fáng
方言	fāng yán
用人	yòng rén
綱領	gāng lǐng
纲领	gāng lǐng
轉頭	zhuǎn tóu
转头	zhuǎn tóu
航班	háng bān
离子	lí zǐ
離子	lí zǐ
航母	háng mǔ
周伯通	zhōu bó tōng
积极性	jī jí xìng
積極性	jī jí xìng
斯巴达	sī bā dá
斯巴達	sī bā dá
美好	měi hǎo
輕易	qīng yì
轻易	qīng yì
会计	huì jì
克服	kè fú
會計	huì jì
通訊	tōng xùn
通讯	tōng xùn
黑龍江	hēi lóng jiāng
黑龙江	hēi lóng jiāng
有趣	yǒu qù
火車	huǒ chē
火车	huǒ chē
目的地	mù de dì
元代	yuán dài
地域	dì yù
手掌	shǒu zhǎng
有益	yǒu yì
这份	zhè fèn
這份	zhè fèn
題材	tí cái
题材	tí cái
安慰	ān wèi
浏览	liú lǎn
瀏覽	liú lǎn
出手	chū shǒu
进城	jìn chéng
進城	jìn chéng
一本	yī běn
开口	kāi kǒu
開口	kāi kǒu
农作物	nóng zuò wù
設在	shè zài
设在	shè zài
農作物	nóng zuò wù
一杯	yī bēi
拿到	ná dào
認定	rèn dìng
认定	rèn dìng
力气	lì qì
力氣	lì qì
恐怖	kǒng bù
增添	zēng tiān
岛上	dǎo shàng
島上	dǎo shàng
一幅	yī fú
促使	cù shǐ
全境	quán jìng
学历	xué lì
學歷	xué lì
否定	fǒu dìng
夜裏	yè lǐ
夜里	yè lǐ
承受	chéng shòu
政治家	zhèng zhì jiā
白天	bái tiān
笑容	xiào róng
司机	sī jī
司機	sī jī
未能	wèi néng
回顧	huí gù
回顾	huí gù
得意	dé yì
武士	wǔ shì
組建	zǔ jiàn
组建	zǔ jiàn
这天	zhè tiān
這天	zhè tiān
莲子	lián zǐ
蓮子	lián zǐ
中午	zhōng wǔ
明永乐	míng yǒng lè
明永樂	míng yǒng lè
女士	nǚ shì
国会	guó huì
國會	guó huì
借口	jiè kǒu
藉口	jiè kǒu
視察	shì chá
视察	shì chá
計劃生育	jì huá shēng yù
计划生育	jì huá shēng yù
以此	yǐ cǐ
何以	hé yǐ
清醒	qīng xǐng
面貌	miàn mào
首輔	shǒu fǔ
首辅	shǒu fǔ
出征	chū zhēng
消化	xiāo huà
灵活	líng huó
靈活	lìng huó
利率	lì shuài
师哥	shī gē
師哥	shī gē
幅度	fú dù
戶部	hù bù
户部	hù bù
每人	měi rén
汉奸	hàn jiān
漢奸	hàn jiān
不能不	bù néng bù
人心	rén xīn
已然	yǐ rán
皇宫	huáng gōng
皇宮	huáng gōng
尚无	shàng wú
尚無	shàng wú
教材	jiào cái
先前	xiān qián
平安	píng ān
旧址	jiù zhǐ
舊址	jiù zhǐ
主导	zhǔ dǎo
主導	zhǔ dǎo
喝酒	hē jiǔ
展覽	zhǎn lǎn
展览	zhǎn lǎn
水質	shuǐ zhì
水质	shuǐ zhì
穿过	chuān guò
穿過	chuān guò
耕地	gēng dì
駐地	zhù dì
驻地	zhù dì
利息	lì xī
勇敢	yǒng gǎn
正文	zhèng wén
英勇	yīng yǒng
高潮	gāo cháo
对话	duì huà
對話	duì huà
侵入	qīn rù
分散	fēn sàn
分泌	fēn mì
学派	xué pài
學派	xué pài
就此	jiù cǐ
注册	zhù cè
註冊	zhù cè
也就是說	yě jiù shì shuō
也就是说	yě jiù shì shuō
尴尬	gān gà
尷尬	gān gà
解放区	jiě fàng qū
解放區	jiě fàng qū
过分	guò fēn
過分	guò fēn
龍頭	lóng tóu
龙头	lóng tóu
仪器	yí qì
儀器	yí qì
至此	zhì cǐ
菱花	líng huā
三层	sān céng
三層	sān céng
本国	běn guó
本國	běn guó
內蒙古	nèi mēng gǔ
内蒙古	nèi mēng gǔ
深化	shēn huà
論證	lùn zhèng
论证	lùn zhèng
几何	jī hé
幾何	jī hé
支出	zhī chū
營銷	yíng xiāo
腹部	fù bù
营销	yíng xiāo
同胞	tóng bāo
检测	jiǎn cè
檢測	jiǎn cè
三种	sān zhǒng
三種	sān zhǒng
春天	chūn tiān
制訂	zhì dìng
制订	zhì dìng
手下	shǒu xià
昆明	kūn míng
沿用	yán yòng
笑脸	xiào liǎn
笑臉	xiào liǎn
評估	píng gū
评估	píng gū
中紡	zhōng fǎng
中纺	zhōng fǎng
別說	bié shuō
别说	bié shuō
口气	kǒu qì
口氣	kǒu qì
客气	kè qì
客氣	kè qì
连连	lián lián
連連	lián lián
三月	sān yuè
定律	dìng lǜ
实用	shí yòng
實用	shí yòng
济南	jì nán
濟南	jì nán
齊全	qí quán
齐全	qí quán
义军	yì jūn
开采	kāi cǎi
義軍	yì jūn
開採	kāi cǎi
北宋	běi sòng
可不	kě bù
水运	shuǐ yùn
水運	shuǐ yùn
犹如	yóu rú
猶如	yóu rú
声道	shēng dào
生死	shēng sǐ
聲道	shēng dào
心灵	xīn líng
心靈	xīn lìng
欢喜	huān xǐ
歡喜	huān xǐ
答复	dá fù
答覆	dá fù
位居	wèi jū
兌換	duì huàn
兑换	duì huàn
中方	zhōng fāng
二十	èr shí
回忆	huí yì
回憶	huí yì
增設	zēng shè
增设	zēng shè
揭露	jiē lòu
新加坡	xīn jiā pō
黃金週	huáng jīn zhōu
黄金周	huáng jīn zhōu
故乡	gù xiāng
故鄉	gù xiāng
立法权	lì fǎ quán
立法權	lì fǎ quán
罕見	hǎn jiàn
罕见	hǎn jiàn
起到	qǐ dào
三次	sān cì
机动	jī dòng
機動	jī dòng
江北	jiāng běi
洪承畴	hóng chéng chóu
洪承疇	hóng chéng chóu
致使	zhì shǐ
开通	kāi tōng
開通	kāi tōng
阴谋	yīn móu
陰謀	yīn móu
調動	diào dòng
调动	tiáo dòng
处处	chǔ chǔ
实质	shí zhì
實質	shí zhì
處處	chǔ chǔ
叙述	xù shù
敘述	xù shù
咖啡	kā fēi
活着	huó zhuó
刘宗敏	liú zōng mǐn
劉宗敏	liú zōng mǐn
燕京	yàn jīng
疯狂	fēng kuáng
瘋狂	fēng kuáng
一線	yī xiàn
一线	yī xiàn
夜間	yè jiān
夜间	yè jiān
发放	fā fàng
發放	fā fàng
肩头	jiān tóu
肩頭	jiān tóu
零售	líng shòu
两座	liǎng zuò
兩座	liǎng zuò
十二	shí èr
少将	shǎo jiāng
少將	shǎo jiāng
恰好	qià hǎo
无论如何	wú lùn rú hé
無論如何	wú lùn rú hé
逮捕	dài bǔ
頒發	bān fā
颁发	bān fā
珍貴	zhēn guì
珍贵	zhēn guì
美洲	měi zhōu
曲折	qū zhē
联想	lián xiǎng
聯想	lián xiǎng
迫使	pò shǐ
融合	róng hé
女孩	nǚ hái
第五	dì wǔ
体积	tǐ jī
體積	tǐ jī
定期	dìng qī
期限	qī xiàn
用以	yòng yǐ
伤心	shāng xīn
傷心	shāng xīn
代表大会	dài biǎo dà huì
代表大會	dài biǎo dà huì
电信	diàn xìn
電信	diàn xìn
从不	cóng bù
外匯	wài huì
外汇	wài huì
從不	cóng bù
亲王	qīn wáng
前期	qián qī
技能	jì néng
日后	rì hòu
日後	rì hòu
民事	mín shì
親王	qīn wáng
洪水	hóng shuǐ
逝世	shì shì
公务员	gōng wù yuán
公務員	gōng wù yuán
残酷	cán kù
殘酷	cán kù
絕不	jué bù
绝不	jué bù
名貴	míng guì
名贵	míng guì
延安	yán ān
支流	zhī liú
林彪	lín biāo
中毒	zhōng dú
动静	dòng jìng
動靜	dòng jìng
新生	xīn shēng
服役	fú yì
營造	yíng zào
船長	chuán cháng
船长	chuán cháng
营造	yíng zào
神話	shén huà
神话	shén huà
脑子	nǎo zǐ
腦子	nǎo zǐ
村裏	cūn lǐ
村里	cūn lǐ
琉璃瓦	liú lí wǎ
假定	jiǎ dìng
几位	jī wèi
幾位	jī wèi
气息	qì xī
氣息	qì xī
清兵	qīng bīng
人身	rén shēn
用途	yòng tú
八月	bā yuè
本領	běn lǐng
本领	běn lǐng
瞬間	shùn jiān
瞬间	shùn jiān
昔日	xī rì
晓得	xiǎo dé
曉得	xiǎo dé
历任	lì rèn
歷任	lì rèn
民用	mín yòng
进而	jìn ér
進而	jìn ér
湖广	hú guǎng
湖廣	hú guǎng
透明	tòu míng
里程	lǐ chéng
舰艇	jiàn tǐng
艦艇	jiàn tǐng
延續	yán xù
延续	yán xù
浓厚	nóng hòu
濃厚	nóng hòu
看作	kàn zuò
书写	shū xiě
任何人	rèn hé rén
探討	tàn tǎo
探讨	tàn tǎo
晚期	wǎn qī
書寫	shū xiě
矿物	kuàng wù
礦物	kuàng wù
一流	yī liú
填報	tián bào
填报	tián bào
成人	chéng rén
顧客	gù kè
顾客	gù kè
卖国贼	mài guó zéi
教堂	jiào táng
最小	zuì xiǎo
西域	xī yù
賣國賊	mài guó zéi
分解	fēn jiě
县委	xiàn wěi
心态	xīn tài
心態	xīn tài
縣委	xiàn wěi
偶尔	ǒu ěr
偶爾	ǒu ěr
公正	gōng zhèng
几十年	jī shí nián
大业	dà yè
大業	dà yè
幾十年	jī shí nián
名勝古蹟	míng shèng gǔ jì
名胜古迹	míng shèng gǔ jì
向來	xiàng lái
向来	xiàng lái
对外开放	duì wài kāi fàng
對外開放	duì wài kāi fàng
旗帜	qí zhì
旗幟	qí zhì
国民政府	guó mín zhèng fǔ
國民政府	guó mín zhèng fǔ
征集	zhēng jí
徵集	zhǐ jí
看上去	kàn shàng qù
概括	gài kuò
寻求	xún qiú
尋求	xún qiú
植被	zhí bèi
船上	chuán shàng
发达国家	fā dá guó jiā
喜愛	xǐ ài
喜爱	xǐ ài
外部	wài bù
特种	tè zhǒng
特種	tè zhǒng
發達國家	fā dá guó jiā
五月	wǔ yuè
方才	fāng cái
方纔	fāng cái
雞蛋	jī dàn
鸡蛋	jī dàn
分化	fēn huà
文书	wén shū
文書	wén shū
風波	fēng bō
风波	fēng bō
膨胀	péng zhàng
膨脹	péng zhàng
莫非	mò fēi
温和	wēn hé
溫和	wēn hé
师妹	shī mèi
師妹	shī mèi
終究	zhōng jiū
终究	zhōng jiū
宗旨	zōng zhǐ
理会	lǐ huì
理會	lǐ huì
不覺	bù jué
不觉	bù jué
信息化	xìn xī huà
凤凰	fèng huáng
华夏	huá xià
民族自治	mín zú zì zhì
華夏	huá xià
鳳凰	fèng huáng
佔地	zhàn dì
占地	zhān dì
縮小	suō xiǎo
缩小	suō xiǎo
从业	cóng yè
围墙	wéi qiáng
圍牆	wéi qiáng
孩儿	hái ér
孩兒	hái ér
從業	cóng yè
某个	mǒu gè
某個	mǒu gè
硕士	shuò shì
碩士	shuò shì
下級	xià jí
下级	xià jí
全军	quán jūn
全軍	quán jūn
军区	jūn qū
变更	biàn gēng
變更	biàn gēng
軍區	jūn qū
輔助	fǔ zhù
辅助	fǔ zhù
沉吟	chén yín
航天	háng tiān
一小	yī xiǎo
奥地利	ào dì lì
奧地利	ào dì lì
瑞典	ruì diǎn
西周	xī zhōu
說來	shuō lái
说来	shuō lái
辛勤	xīn qín
两类	liǎng lèi
兩類	liǎng lèi
处长	chǔ cháng
政务	zhèng wù
政務	zhèng wù
福临	fú lín
福臨	fú lín
處長	chǔ cháng
西南部	xī nán bù
高等教育	gāo děng jiào yù
假如	jiǎ rú
补偿	bǔ cháng
補償	bǔ cháng
認得	rèn dé
认得	rèn dé
金銀	jīn yín
金银	jīn yín
含义	hán yì
含義	hán yì
监察	jiān chá
監察	jiān chá
細節	xì jié
细节	xì jié
主场	zhǔ cháng
主場	zhǔ cháng
人事	rén shì
心脏	xīn zāng
心臟	xīn zàng
李大釗	lǐ dà zhāo
李大钊	lǐ dà zhāo
上班	shàng bān
争论	zhēng lùn
就讓	jiù ràng
就让	jiù ràng
平常	píng cháng
洪湖	hóng hú
爭論	zhēng lùn
威力	wēi lì
完毕	wán bì
完畢	wán bì
激光	jī guāng
稅收	shuì shōu
税收	shuì shōu
米粉	mǐ fěn
古建筑	gǔ jiàn zhù
古建築	gǔ jiàn zhù
泪水	lèi shuǐ
淚水	lèi shuǐ
联合会	lián hé huì
聯合會	lián hé huì
逃走	táo zǒu
得出	dé chū
苹果	píng guǒ
蘋果	pín guǒ
死刑	sǐ xíng
議員	yì yuán
议员	yì yuán
面子	miàn zǐ
兵部	bīng bù
便于	biàn yú
便於	biàn yú
人造	rén zào
星期	xīng qī
闡述	chǎn shù
阐述	chǎn shù
中叶	zhōng yè
中葉	zhōng yè
分流	fēn liú
念头	niàn tóu
念頭	niàn tóu
挣扎	zhèng zā
掙扎	zhēng zā
中国人民解放军	zhōng guó rén mín jiě fàng jūn
中國人民解放軍	zhōng guó rén mín jiě fàng jūn
几步	jī bù
幾步	jī bù
突击	tū jī
突擊	tū jī
湿润	shī rùn
溼潤	shī rùn
全民	quán mín
前線	qián xiàn
前线	qián xiàn
情節	qíng jié
情节	qíng jié
扬州	yáng zhōu
揚州	yáng zhōu
期望	qī wàng
反击	fǎn jī
反擊	fǎn jī
多家	duō jiā
盛产	shèng chǎn
盛產	shèng chǎn
三藏	sān cáng
玉石	yù shí
絕大多數	jué dà duō shù
绝大多数	jué dà duō shù
航行	háng háng
剝削	bāo xiāo
剥削	bāo xiāo
好生	hǎo shēng
惊人	jīng rén
昆虫	kūn chóng
昆蟲	kūn chóng
罢工	bà gōng
罷工	bà gōng
闡明	chǎn míng
阐明	chǎn míng
驚人	jīng rén
丞相	chéng xiāng
元大都	yuán dà dū
一派	yī pài
傑出	jié chū
杰出	jié chū
章程	zhāng chéng
黃陂	huáng bēi
黄陂	huáng bēi
出台	chū tái
出臺	chū tái
古怪	gǔ guài
拍摄	pāi shè
拍攝	pāi shè
自信	zì xìn
資助	zī zhù
资助	zī zhù
停留	tíng liú
党内	dǎng nèi
灯光	dēng guāng
燈光	dēng guāng
空前	kōng qián
精确	jīng què
精確	jīng què
行事	háng shì
黨內	dǎng nèi
少量	shǎo liáng
固体	gù tǐ
固體	gù tǐ
大笑	dà xiào
排除	pái chú
水深	shuǐ shēn
偶然	ǒu rán
消耗	xiāo hào
近來	jìn lái
近来	jìn lái
两院制	liǎng yuàn zhì
从前	cóng qián
兩院制	liǎng yuàn zhì
從前	cóng qián
竞争力	jìng zhēng lì
競爭力	jìng zhēng lì
聞名	wén míng
苗族	miáo zú
闻名	wén míng
乃至	nǎi zhì
帮主	bāng zhǔ
幫主	bāng zhǔ
极了	jí le
極了	jí le
司令员	sī líng yuán
司令員	sī líng yuán
旋轉	xuán zhuǎn
旋转	xuán zhuǎn
每月	měi yuè
国防部	guó fáng bù
國防部	guó fáng bù
獲取	huò qǔ
笔架山	bǐ jià shān
筆架山	bǐ jià shān
获取	huò qǔ
轉讓	zhuǎn ràng
转让	zhuǎn ràng
随意	suí yì
隨意	suí yì
打电话	dǎ diàn huà
打電話	dǎ diàn huà
明明	míng míng
法定	fǎ dìng
十八	shí bā
杜甫	dù fǔ
求职	qiú zhí
求職	qiú zhí
随州市	suí zhōu shì
隨州市	suí zhōu shì
头脑	tóu nǎo
故宫	gù gōng
故宮	gù gōng
时分	shí fēn
時分	shí fēn
頭腦	tóu nǎo
优点	yōu diǎn
優點	yōu diǎn
开会	kāi huì
開會	kāi huì
乡长	xiāng cháng
墨西哥	mò xī gē
文理学院	wén lǐ xué yuàn
文理學院	wén lǐ xué yuàn
鄉長	xiāng cháng
寻思	xún sī
尋思	xún sī
高級中學	gāo jí zhōng xué
高级中学	gāo jí zhōng xué
八个	bā gè
八個	bā gè
巡抚	xún fǔ
巡撫	xún fǔ
一封	yī fēng
脂肪	zhī fáng
东南部	dōng nán bù
台上	tái shàng
对立	duì lì
對立	duì lì
東南部	dōng nán bù
細菌	xì jūn
细菌	xì jūn
胡子	hú zǐ
臺上	tái shàng
集团公司	jí tuán gōng sī
集團公司	jí tuán gōng sī
鬍子	hú zǐ
早晨	zǎo chén
罢免	bà miǎn
罷免	bà miǎn
鍋巴	guō bā
锅巴	guō bā
須彌座	xū mí zuò
须弥座	xū mí zuò
通航	tōng háng
高出	gāo chū
不远	bù yuǎn
不遠	bù yuǎn
天門市	tiān mén shì
天门市	tiān mén shì
見於	jiàn yú
见于	jiàn yú
清军	qīng jūn
清軍	qīng jūn
金額	jīn é
金额	jīn é
花园	huā yuán
花園	huā yuán
不宜	bù yí
乾脆	qián cuì
干脆	gān cuì
格外	gé wài
考驗	kǎo yàn
考验	kǎo yàn
地中海	dì zhōng hǎi
审计长	shěn jì cháng
審計長	shěn jì cháng
尊严	zūn yán
尊嚴	zūn yán
春節	chūn jié
春节	chūn jié
通車	tōng chē
通车	tōng chē
应付	yīng fù
應付	yīng fù
六个	liù gè
六個	liù gè
夺得	duó dé
奪得	duó dé
药材	yào cái
藥材	yào cái
乾燥	qián zào
代价	dài jià
代價	dài jià
园林	yuán lín
園林	yuán lín
干燥	gān zào
有助于	yǒu zhù yú
有助於	yǒu zhù yú
池河	chí hé
干线	gān xiàn
幹線	gàn xiàn
老头	lǎo tóu
老頭	lǎo tóu
近期	jìn qī
偏偏	piān piān
区分	qū fēn
區分	qū fēn
太原	tài yuán
河床	hé chuáng
河牀	hé chuáng
不准	bù zhǔn
不準	bù zhǔn
失业	shī yè
失業	shī yè
作物	zuò wù
助理	zhù lǐ
呼吁	hū xū
呼籲	hū yù
尖椒	jiān jiāo
普及	pǔ jí
珍稀	zhēn xī
名为	míng wéi
名爲	míng wéi
拉开	lā kāi
拉開	lā kāi
暴露	bào lòu
穆斯林	mù sī lín
侵犯	qīn fàn
后勤	hòu qín
後勤	hòu qín
戏曲	xì qū
戲曲	xì qū
摄影	shè yǐng
攝影	shè yǐng
造反	zào fǎn
原名	yuán míng
安定	ān dìng
乡镇	xiāng zhèn
古蹟	gǔ jì
古迹	gǔ jì
自然資源	zì rán zī yuán
自然资源	zì rán zī yuán
道人	dào rén
鄉鎮	xiāng zhèn
激情	jī qíng
辞职	cí zhí
辭職	cí zhí
电视台	diàn shì tái
身材	shēn cái
電視臺	diàn shì tái
发作	fā zuò
大片	dà piàn
有意	yǒu yì
板块	bǎn kuài
板塊	bǎn kuài
潛力	qián lì
潜力	qián lì
發作	fā zuò
处罚	chǔ fá
必需	bì xū
處罰	chǔ fá
南宋	nán sòng
图库	tú kù
圖庫	tú kù
答道	dá dào
东经	dōng jīng
東經	dōng jīng
古人	gǔ rén
商城	shāng chéng
回归	huí guī
干什么	gān shí mó
幹什麼	gàn shí mó
桂林	guì lín
迴歸	huí guī
長官	cháng guān
长官	cháng guān
真理	zhēn lǐ
跟随	gēn suí
跟隨	gēn suí
雅典	yǎ diǎn
大別山	dà bié shān
大别山	dà bié shān
心理学	xīn lǐ xué
心理學	xīn lǐ xué
長方形	cháng fāng xíng
长方形	cháng fāng xíng
所知	suǒ zhī
不然	bù rán
放松	fàng sōng
放鬆	fàng sōng
暢銷	chàng xiāo
生动	shēng dòng
生動	shēng dòng
畅销	chàng xiāo
社会学	shè huì xué
社會學	shè huì xué
內河	nèi hé
内河	nèi hé
血管	xiě guǎn
順序	shùn xù
顺序	shùn xù
二者	èr zhě
天堂	tiān táng
推开	tuī kāi
推開	tuī kāi
无力	wú lì
無力	wú lì
储备	chǔ bèi
儲備	chǔ bèi
免疫	miǎn yì
前途	qián tú
武力	wǔ lì
談到	tán dào
谈到	tán dào
身穿	shēn chuān
河南省	hé nán shěng
产业化	chǎn yè huà
反革命	fǎn gé mìng
產業化	chǎn yè huà
見長	jiàn cháng
见长	jiàn cháng
財物	cái wù
财物	cái wù
严厉	yán lì
出色	chū sè
切实	qiē shí
切實	qiē shí
嚴厲	yán lì
柏林	bǎi lín
氧化	yǎng huà
沉积	chén jī
沉積	chén jī
市政府	shì zhèng fǔ
射線	shè xiàn
射线	shè xiàn
流入	liú rù
道士	dào shì
天上	tiān shàng
再度	zài dù
劳动者	láo dòng zhě
勞動者	láo dòng zhě
吏部	lì bù
彩繪	cǎi huì
彩绘	cǎi huì
有名	yǒu míng
苏维埃	sū wéi āi
蘇維埃	sū wéi āi
亲戚	qīn qī
从小	cóng xiǎo
分明	fēn míng
從小	cóng xiǎo
提倡	tí chàng
親戚	qīn qī
身分	shēn fēn
通行	tōng háng
阶层	jiē céng
階層	jiē céng
战后	zhàn hòu
戰後	zhàn hòu
地租	dì zū
损伤	sǔn shāng
損傷	sǔn shāng
王府	wáng fǔ
設法	shè fǎ
设法	shè fǎ
字形	zì xíng
矿山	kuàng shān
礦山	kuàng shān
专制	zhuān zhì
專制	zhuān zhì
战线	zhàn xiàn
戰線	zhàn xiàn
胳膊	gē bó
飯店	fàn diàn
饭店	fàn diàn
可不是	kě bù shì
嘴唇	zuǐ chún
嘴脣	zuǐ chún
运作	yùn zuò
運作	yùn zuò
寻常	xún cháng
尋常	xún cháng
探明	tàn míng
收藏	shōu cáng
佩服	pèi fú
古典	gǔ diǎn
地下水	dì xià shuǐ
奥运会	ào yùn huì
奧運會	ào yùn huì
法学	fǎ xué
法學	fǎ xué
中軸線	zhōng zhóu xiàn
中轴线	zhōng zhóu xiàn
掏出	tāo chū
整整	zhěng zhěng
东侧	dōng cè
東側	dōng cè
此前	cǐ qián
严峻	yán jùn
主峯	zhǔ fēng
主峰	zhǔ fēng
嚴峻	yán jùn
坚定	jiān dìng
堅定	jiān dìng
水流	shuǐ liú
燃料	rán liào
现状	xiàn zhuàng
現狀	xiàn zhuàng
着手	zhuó shǒu
行走	háng zǒu
炸弹	zhà dàn
炸彈	zhà dàn
出任	chū rèn
大战	dà zhàn
大戰	dà zhàn
巴基斯坦	bā jī sī tǎn
弯曲	wān qū
彎曲	wān qū
相見	xiāng jiàn
相见	xiāng jiàn
羣雄	qún xióng
群雄	qún xióng
联络	lián luò
聯絡	lián luò
欧元	ōu yuán
歐元	ōu yuán
签字	qiān zì
簽字	qiān zì
一分	yī fēn
怀中	huái zhōng
懷中	huái zhōng
政变	zhèng biàn
政變	zhèng biàn
有时候	yǒu shí hòu
有時候	yǒu shí hòu
瀑布	pù bù
军马	jūn mǎ
华中	huá zhōng
咳嗽	ké sòu
水晶	shuǐ jīng
符号	fú hào
符號	fú hào
華中	huá zhōng
軍馬	jūn mǎ
輝煌	huī huáng
辉煌	huī huáng
失望	shī wàng
遗传	yí chuán
遺傳	yí chuán
丁能通	dīng néng tōng
博覽會	bó lǎn huì
博览会	bó lǎn huì
稳步	wěn bù
穩步	wěn bù
中国政府	zhōng guó zhèng fǔ
中國政府	zhōng guó zhèng fǔ
印刷	yìn shuā
泊位	bó wèi
紀錄	jì lù
纪录	jì lù
阴阳	yīn yáng
陰陽	yīn yáng
新月	xīn yuè
移民	yí mín
限度	xiàn dù
官家	guān jiā
恐惧	kǒng jù
恐懼	kǒng jù
西边	xī biān
西邊	xī biān
几下	jī xià
幾下	jī xià
延長	yán cháng
延长	yán cháng
已知	yǐ zhī
日報	rì bào
日报	rì bào
赶来	gǎn lái
趕來	gǎn lái
二十年	èr shí nián
充足	chōng zú
替代	tì dài
浓郁	nóng yù
濃郁	nóng yù
外地	wài dì
擅長	shàn cháng
擅长	shàn cháng
热点	rè diǎn
熱點	rè diǎn
老營	lǎo yíng
老营	lǎo yíng
鉴定	jiàn dìng
鑑定	jiàn dìng
本书	běn shū
本書	běn shū
好汉	hǎo hàn
好漢	hǎo hàn
江山	jiāng shān
光輝	guāng huī
光辉	guāng huī
当场	dāng cháng
當場	dāng cháng
紀律	jì lǜ
纪律	jì lǜ
遵循	zūn xún
青少年	qīng shǎo nián
御道	yù dào
抗議	kàng yì
抗议	kàng yì
探测	tàn cè
探測	tàn cè
譴責	qiǎn zé
谴责	qiǎn zé
跟踪	gēn zōng
跟蹤	gēn zōng
乾旱	qián hàn
干旱	gān hàn
气势	qì shì
氣勢	qì shì
辛苦	xīn kǔ
面粉	miàn fěn
題目	tí mù
题目	tí mù
麪粉	miàn fěn
匯率	huì shuài
宋献策	sòng xiàn cè
宋獻策	sòng xiàn cè
汇率	huì shuài
高层	gāo céng
高層	gāo céng
光明	guāng míng
景象	jǐng xiàng
军方	jūn fāng
前列	qián liè
向往	xiàng wǎng
嚮往	xiàng wǎng
天然气	tiān rán qì
天然氣	tiān rán qì
好事	hǎo shì
战斗力	zhàn dǒu lì
戰鬥力	zhàn dòu lì
期待	qī dài
軍方	jūn fāng
修繕	xiū shàn
修缮	xiū shàn
光学	guāng xué
光學	guāng xué
各校	gè xiào
家乡	jiā xiāng
家鄉	jiā xiāng
精心	jīng xīn
四月	sì yuè
总会	zǒng huì
总队	zǒng duì
教育部	jiào yù bù
總會	zǒng huì
總隊	zǒng duì
贏得	yíng dé
赢得	yíng dé
多久	duō jiǔ
新兴	xīn xīng
新興	xīn xīng
粉碎	fěn suì
超越	chāo yuè
即位	jí wèi
国师	guó shī
國師	guó shī
營業	yíng yè
理工学院	lǐ gōng xué yuàn
理工學院	lǐ gōng xué yuàn
营业	yíng yè
违法	wéi fǎ
違法	wéi fǎ
半数	bàn shù
半數	bàn shù
在校	zài xiào
均勻	jūn yún
均匀	jūn yún
失誤	shī wù
失误	shī wù
尚有	shàng yǒu
手腕	shǒu wàn
村民	cūn mín
竞赛	jìng sài
競賽	jìng sài
受理	shòu lǐ
省份	shěng fèn
磕头	kē tóu
磕頭	kē tóu
隐藏	yǐn cáng
隱藏	yǐn cáng
搖搖頭	yáo yáo tóu
摇摇头	yáo yáo tóu
早上	zǎo shàng
一間	yī jiān
一间	yī jiān
同盟	tóng méng
如是	rú shì
政委	zhèng wěi
盛行	shèng háng
随之	suí zhī
隧道	suì dào
隨之	suí zhī
利润率	lì rùn shuài
利潤率	lì rùn shuài
叶子	yè zǐ
契丹	qì dān
征求	zhēng qiú
徵求	zhǐ qiú
栽培	zāi péi
浮雕	fú diāo
灌溉	guàn gài
特权	tè quán
特權	tè quán
葉子	yè zǐ
道具	dào jù
优先	yōu xiān
優先	yōu xiān
审计	shěn jì
審計	shěn jì
屁股	pì gǔ
理念	lǐ niàn
省区	shěng qū
省區	shěng qū
記住	jì zhù
记住	jì zhù
旅游业	lǚ yóu yè
旅遊業	lǚ yóu yè
下属	xià shǔ
下屬	xià shǔ
貴州	guì zhōu
贵州	guì zhōu
高山	gāo shān
世人	shì rén
主編	zhǔ biān
主编	zhǔ biān
操縱	cāo zòng
操纵	cāo zòng
首席	shǒu xí
以免	yǐ miǎn
預付	yù fù
预付	yù fù
安静	ān jìng
安靜	ān jìng
火力	huǒ lì
起点	qǐ diǎn
起點	qǐ diǎn
一剑	yī jiàn
一劍	yī jiàn
例外	lì wài
常規	cháng guī
常规	cháng guī
致力	zhì lì
高低	gāo dī
官府	guān fǔ
惊讶	jīng yà
盈盈	yíng yíng
神龍	shén lóng
神龙	shén lóng
縱然	zòng rán
纵然	zòng rán
肠子	cháng zǐ
腸子	cháng zǐ
驚訝	jīng yà
人民大会堂	rén mín dà huì táng
人民大會堂	rén mín dà huì táng
会员	huì yuán
我会	wǒ huì
我會	wǒ huì
會員	huì yuán
肩膀	jiān bǎng
風暴	fēng bào
风暴	fēng bào
回事	huí shì
忽視	hū shì
忽视	hū shì
指点	zhǐ diǎn
指點	zhǐ diǎn
激发	jī fā
激發	jī fā
締結	dì jié
缔结	dì jié
住宅	zhù zhái
冬天	dōng tiān
夢想	mèng xiǎng
开拓	kāi tuò
梦想	mèng xiǎng
湿地	shī dì
溼地	shī dì
開拓	kāi tuò
三面	sān miàn
型号	xíng hào
型號	xíng hào
愉快	yú kuài
后代	hòu dài
後代	hòu dài
狮子	shī zǐ
猛地	měng dì
獅子	shī zǐ
使命	shǐ mìng
师范学院	shī fàn xué yuàn
師範學院	shī fàn xué yuàn
特务	tè wù
特務	tè wù
糾紛	jiū fēn
纠纷	jiū fēn
考古	kǎo gǔ
股市	gǔ shì
举动	jǔ dòng
犹豫	yóu yù
猶豫	yóu yù
舉動	jǔ dòng
董事	dǒng shì
起义军	qǐ yì jūn
起義軍	qǐ yì jūn
少林寺	shǎo lín sì
工人阶级	gōng rén jiē jí
工人階級	gōng rén jiē jí
供奉	gōng fèng
嘗試	cháng shì
尝试	cháng shì
牙齒	yá chǐ
牙齿	yá chǐ
电台	diàn tái
难免	nán miǎn
難免	nán miǎn
電臺	diàn tái
体重	tǐ zhòng
余种	yú zhǒng
執法	zhí fǎ
外語	wài yǔ
外语	wài yǔ
密集	mì jí
执法	zhí fǎ
掀起	xiān qǐ
餘種	yú zhǒng
體重	tǐ zhòng
一丝	yī sī
一絲	yī sī
图书	tú shū
圖書	tú shū
大海	dà hǎi
水库	shuǐ kù
水庫	shuǐ kù
報仇	bào chóu
报仇	bào chóu
中山公园	zhōng shān gōng yuán
中山公園	zhōng shān gōng yuán
九年	jiǔ nián
子口	zǐ kǒu
小弟	xiǎo dì
百万	bǎi wàn
百萬	bǎi wàn
十六	shí liù
厂商	chǎng shāng
合乎	hé hū
孔明	kǒng míng
廠商	chǎng shāng
牛肉	niú ròu
自杀	zì shā
自殺	zì shā
騎馬	qí mǎ
骑马	qí mǎ
崇拜	chóng bài
机遇	jī yù
機遇	jī yù
轉入	zhuǎn rù
转入	zhuǎn rù
低下	dī xià
判决	pàn jué
判決	pàn jué
物理学	wù lǐ xué
物理學	wù lǐ xué
县级市	xiàn jí shì
土耳其	tǔ ěr qí
外長	wài cháng
外长	wài cháng
描繪	miáo huì
描绘	miáo huì
縣級市	xiàn jí shì
途中	tú zhōng
荆江	jīng jiāng
荊江	jīng jiāng
門下	mén xià
门下	mén xià
一体化	yī tǐ huà
一體化	yī tǐ huà
两面	liǎng miàn
來不及	lái bù jí
兩面	liǎng miàn
开来	kāi lái
来不及	lái bù jí
開來	kāi lái
順着	shùn zhuó
顺着	shùn zhuó
名詞	míng cí
名词	míng cí
培育	péi yù
新增	xīn zēng
俗称	sú chēng
俗稱	sú chēng
汉阳	hàn yáng
漢陽	hàn yáng
专线	zhuān xiàn
供給	gōng gěi
供给	gōng gěi
如果說	rú guǒ shuō
如果说	rú guǒ shuō
对比	duì bǐ
專線	zhuān xiàn
對比	duì bǐ
苏维埃政府	sū wéi āi zhèng fǔ
蘇維埃政府	sū wéi āi zhèng fǔ
两地	liǎng dì
兩地	liǎng dì
球迷	qiú mí
窗口	chuāng kǒu
六部	liù bù
军舰	jūn jiàn
節奏	jié zòu
节奏	jié zòu
軍艦	jūn jiàn
黃依依	huáng yī yī
黄依依	huáng yī yī
变量	biàn liáng
师长	shī cháng
師長	shī cháng
档案	dàng àn
檔案	dàng àn
變量	biàn liáng
专利	zhuān lì
响应	xiǎng yīng
專利	zhuān lì
点滴	diǎn dī
響應	xiǎng yīng
點滴	diǎn dī
上帝	shàng dì
从中	cóng zhōng
加重	jiā zhòng
国徽	guó huī
國徽	guó huī
從中	cóng zhōng
認證	rèn zhèng
认证	rèn zhèng
运河	yùn hé
運河	yùn hé
先鋒	xiān fēng
先锋	xiān fēng
军中	jūn zhōng
对此	duì cǐ
對此	duì cǐ
徒弟	tú dì
軍中	jūn zhōng
一笔	yī bǐ
一筆	yī bǐ
奖励	jiǎng lì
横贯	héng guàn
橫貫	héng guàn
獎勵	jiǎng lì
內功	nèi gōng
内功	nèi gōng
优惠	yōu huì
優惠	yōu huì
分工	fēn gōng
商务	shāng wù
商務	shāng wù
四下	sì xià
垃圾	lā jī
山坡	shān pō
总算	zǒng suàn
打仗	dǎ zhàng
總算	zǒng suàn
步伐	bù fá
避开	bì kāi
避開	bì kāi
工程学院	gōng chéng xué yuàn
工程學院	gōng chéng xué yuàn
贊成	zàn chéng
赞成	zàn chéng
一輛	yī liàng
一辆	yī liàng
全力	quán lì
危急	wēi jí
多尔衮	duō ěr gǔn
多爾袞	duō ěr gǔn
小声	xiǎo shēng
小聲	xiǎo shēng
級別	jí bié
级别	jí bié
黃土	huáng tǔ
黄土	huáng tǔ
不成	bù chéng
出版社	chū bǎn shè
指責	zhǐ zé
指责	zhǐ zé
法子	fǎ zǐ
中东	zhōng dōng
中東	zhōng dōng
办事处	bàn shì chǔ
应有	yīng yǒu
應有	yīng yǒu
辦事處	bàn shì chǔ
公式	gōng shì
军师	jūn shī
消費品	xiāo fèi pǐn
消费品	xiāo fèi pǐn
軍師	jūn shī
分数	fēn shù
分數	fēn shù
在外	zài wài
收穫	shōu huò
收获	shōu huò
武松	wǔ sōng
磁场	cí cháng
磁場	cí cháng
建筑业	jiàn zhù yè
建築業	jiàn zhù yè
水陆	shuǐ lù
水陸	shuǐ lù
滅亡	miè wáng
灭亡	miè wáng
禀报	bǐng bào
稟報	bǐng bào
遗憾	yí hàn
遺憾	yí hàn
分开	fēn kāi
分開	fēn kāi
壽命	shòu mìng
寿命	shòu mìng
专政	zhuān zhèng
專政	zhuān zhèng
死去	sǐ qù
音乐堂	yīn lè táng
音樂堂	yīn lè táng
军士	jūn shì
史料	shǐ liào
警告	jǐng gào
軍士	jūn shì
一篇	yī piān
搞笑	gǎo xiào
白嘉軒	bái jiā xuān
白嘉轩	bái jiā xuān
过度	guò dù
過度	guò dù
下載	xià zài
下载	xià zǎi
召見	zhào jiàn
召见	zhào jiàn
李逵	lǐ kuí
漫長	màn cháng
漫长	màn cháng
窗外	chuāng wài
第一次世界大战	dì yī cì shì jiè dà zhàn
第一次世界大戰	dì yī cì shì jiè dà zhàn
一刻	yī kè
方程	fāng chéng
笔者	bǐ zhě
筆者	bǐ zhě
两届	liǎng jiè
兩屆	liǎng jiè
源于	yuán yú
源於	yuán yú
习俗	xí sú
固定資產	gù dìng zī chǎn
固定资产	gù dìng zī chǎn
想不到	xiǎng bù dào
疲劳	pí láo
疲勞	pí láo
習俗	xí sú
考證	kǎo zhèng
考证	kǎo zhèng
难题	nán tí
難題	nán tí
建筑物	jiàn zhù wù
建築物	jiàn zhù wù
坚强	jiān qiáng
堅強	jiān qiáng
墨鏡	mò jìng
墨镜	mò jìng
惩罚	chéng fá
懲罰	chéng fá
激起	jī qǐ
乐器	lè qì
倾斜	qīng xié
傾斜	qīng xié
国旗	guó qí
國旗	guó qí
樂器	lè qì
监管	jiān guǎn
監管	jiān guǎn
舒服	shū fú
隐隐	yǐn yǐn
隱隱	yǐn yǐn
升高	shēng gāo
国防委员会	guó fáng wěi yuán huì
國防委員會	guó fáng wěi yuán huì
深远	shēn yuǎn
深遠	shēn yuǎn
算了	suàn le
过年	guò nián
過年	guò nián
刊物	kān wù
間接	jiān jiē
间接	jiān jiē
一再	yī zài
亏损	kuī sǔn
岳不群	yuè bù qún
嶽不羣	yuè bù qún
船只	chuán zhī
船隻	chuán zhī
虧損	kuī sǔn
西欧	xī ōu
西歐	xī ōu
主觀	zhǔ guān
主观	zhǔ guān
传入	chuán rù
傳入	chuán rù
成效	chéng xiào
艰苦	jiān kǔ
艱苦	jiān kǔ
高效	gāo xiào
出名	chū míng
带动	dài dòng
帶動	dài dòng
底下	dǐ xià
沙市	shā shì
深厚	shēn hòu
神仙	shén xiān
追赶	zhuī gǎn
追趕	zhuī gǎn
上司	shàng sī
俘虏	fú lǔ
俘虜	fú lǔ
早年	zǎo nián
結成	jié chéng
结成	jié chéng
致富	zhì fù
部类	bù lèi
部類	bù lèi
刺史	cì shǐ
种族	zhǒng zú
種族	zhǒng zú
脚本	jiǎo běn
腳本	jiǎo běn
一团	yī tuán
一團	yī tuán
不仅仅	bù jǐn jǐn
不僅僅	bù jǐn jǐn
亿吨	yì dūn
億噸	yì dūn
发展中国家	fā zhǎn zhōng guó jiā
当事人	dāng shì rén
當事人	dāng shì rén
發展中國家	fā zhǎn zhōng guó jiā
浪費	làng fèi
浪费	làng fèi
回報	huí bào
回报	huí bào
抱住	bào zhù
先行	xiān háng
約束	yuē shù
约束	yuē shù
不同于	bù tóng yú
不同於	bù tóng yú
所用	suǒ yòng
旅行	lǚ háng
直到	zhí dào
謹慎	jǐn shèn
谨慎	jǐn shèn
自带	zì dài
自帶	zì dài
艾滋病	ài zī bìng
試點	shì diǎn
试点	shì diǎn
太康	tài kāng
廷杖	tíng zhàng
打扮	dǎ bàn
洪七公	hóng qī gōng
西侧	xī cè
西側	xī cè
河谷	hé gǔ
超出	chāo chū
三位	sān wèi
办学	bàn xué
地鐵	dì tiě
地铁	dì tiě
自有	zì yǒu
辦學	bàn xué
这部	zhè bù
這部	zhè bù
不等	bù děng
娘子	niáng zǐ
解除	jiě chú
部属	bù shǔ
部屬	bù shǔ
子弹	zǐ dàn
子彈	zǐ dàn
弹性	dàn xìng
彈性	dàn xìng
日历	rì lì
日曆	rì lì
北約	běi yuē
北约	běi yuē
石破天	shí pò tiān
背后	bèi hòu
背後	bèi hòu
称赞	chēng zàn
稱讚	chēng zàn
年份	nián fèn
渴望	kě wàng
演奏	yǎn zòu
高呼	gāo hū
大汉	dà hàn
大漢	dà hàn
弹药	dàn yào
彈藥	dàn yào
混凝土	hùn níng tǔ
热量	rè liáng
熱量	rè liáng
金錢	jīn qián
金钱	jīn qián
下达	xià dá
下達	xià dá
洪山	hóng shān
起伏	qǐ fú
射程	shè chéng
配備	pèi bèi
配备	pèi bèi
首脑	shǒu nǎo
首腦	shǒu nǎo
我家	wǒ jiā
精神文明	jīng shén wén míng
中山	zhōng shān
创建者	chuàng jiàn zhě
創建者	chuàng jiàn zhě
火車站	huǒ chē zhàn
火车站	huǒ chē zhàn
这会儿	zhè huì ér
這會兒	zhè huì ér
乘机	chéng jī
乘機	chéng jī
內陸	nèi lù
内陆	nèi lù
十一	shí yī
來回	lái huí
削弱	xiāo ruò
县政府	xiàn zhèng fǔ
来回	lái huí
縣政府	xiàn zhèng fǔ
上馬	shàng mǎ
上马	shàng mǎ